INFO:__main__:not live data, connecting to db data/examples/SPY.db
INFO:__main__:starting timer thread
INFO:reinforce.environment:training starts
INFO:__main__:training started, thread id: <Thread(Thread-2 (_train), started 6165295104)>
INFO:__main__:running scheduled inference
WARNING:__main__:model not ready, not running inference
INFO:reinforce.environment:episode 1/100 began
INFO:__main__:running scheduled inference
WARNING:__main__:model not ready, not running inference
INFO:__main__:running scheduled inference
WARNING:__main__:model not ready, not running inference
INFO:__main__:running scheduled inference
WARNING:__main__:model not ready, not running inference
INFO:__main__:running scheduled inference
WARNING:__main__:model not ready, not running inference
INFO:__main__:running scheduled inference
WARNING:__main__:model not ready, not running inference
INFO:__main__:running scheduled inference
WARNING:__main__:model not ready, not running inference
INFO:reinforce.environment:

        episode 1/100 done
        loss:             0.6705
        model portfolio: +0.0115%
        buy and hold:    -0.1580%
        
INFO:reinforce.environment:episode 2/100 began
INFO:__main__:running scheduled inference
WARNING:__main__:model not ready, not running inference
INFO:reinforce.environment:

        episode 2/100 done
        loss:             0.3493
        model portfolio: -0.1261%
        buy and hold:    -0.1580%
        
INFO:reinforce.environment:episode 3/100 began
INFO:__main__:running scheduled inference
WARNING:__main__:model not ready, not running inference
INFO:reinforce.environment:

        episode 3/100 done
        loss:             2.5326
        model portfolio: -0.1184%
        buy and hold:    -0.1580%
        
INFO:reinforce.environment:episode 4/100 began
ERROR:__main__:
INFO:reinforce.environment:

        episode 4/100 done
        loss:            -0.3598
        model portfolio: +0.2220%
        buy and hold:    -0.1580%
        
INFO:reinforce.environment:episode 5/100 began
INFO:__main__:running scheduled inference
WARNING:__main__:model not ready, not running inference
INFO:reinforce.environment:

        episode 5/100 done
        loss:            -0.4424
        model portfolio: 0.0000%
        buy and hold:    -0.1580%
        
INFO:reinforce.environment:episode 6/100 began
INFO:__main__:running scheduled inference
WARNING:__main__:model not ready, not running inference
INFO:reinforce.environment:

        episode 6/100 done
        loss:            -0.1941
        model portfolio: +0.3299%
        buy and hold:    -0.1580%
        
INFO:reinforce.environment:episode 7/100 began
INFO:__main__:running scheduled inference
WARNING:__main__:model not ready, not running inference
INFO:reinforce.environment:

        episode 7/100 done
        loss:            -0.4459
        model portfolio: -0.0179%
        buy and hold:    -0.1580%
        
INFO:reinforce.environment:episode 8/100 began
INFO:reinforce.environment:

        episode 8/100 done
        loss:            -0.5296
        model portfolio: -0.1125%
        buy and hold:    -0.1580%
        
INFO:reinforce.environment:episode 9/100 began
INFO:__main__:running scheduled inference
WARNING:__main__:model not ready, not running inference
INFO:reinforce.environment:

        episode 9/100 done
        loss:            -0.2009
        model portfolio: -0.2300%
        buy and hold:    -0.1580%
        
INFO:reinforce.environment:episode 10/100 began
INFO:__main__:running scheduled inference
WARNING:__main__:model not ready, not running inference
INFO:reinforce.environment:

        episode 10/100 done
        loss:            -0.3627
        model portfolio: +0.0995%
        buy and hold:    -0.1580%
        
INFO:reinforce.environment:target reached, best episode achieved +0.3299%, exiting.
INFO:__main__:model updated successfully
INFO:__main__:running scheduled inference
INFO:__main__:running scheduled inference
INFO:__main__:running scheduled inference
INFO:__main__:running scheduled inference
INFO:__main__:running scheduled inference
INFO:__main__:running scheduled inference
INFO:__main__:running scheduled inference
INFO:__main__:running scheduled inference
INFO:__main__:running scheduled inference
INFO:__main__:running scheduled inference
INFO:__main__:running scheduled inference
INFO:__main__:running scheduled inference
INFO:__main__:running scheduled inference
INFO:__main__:running scheduled inference
INFO:__main__:running scheduled inference
INFO:__main__:running scheduled inference
INFO:__main__:running scheduled inference
INFO:__main__:running scheduled inference
INFO:__main__:running scheduled inference
INFO:__main__:running scheduled inference
INFO:__main__:running scheduled inference
INFO:__main__:running scheduled inference
INFO:__main__:running scheduled inference
INFO:__main__:running scheduled inference
INFO:__main__:running scheduled inference
INFO:__main__:running scheduled inference
INFO:__main__:running scheduled inference
INFO:__main__:running scheduled inference
INFO:__main__:running scheduled inference
INFO:__main__:running scheduled inference
INFO:__main__:running scheduled inference
INFO:__main__:running scheduled inference
INFO:__main__:running scheduled inference
INFO:__main__:running scheduled inference
INFO:__main__:running scheduled inference
INFO:__main__:running scheduled inference
INFO:__main__:running scheduled training
INFO:reinforce.environment:training starts
INFO:__main__:training started, thread id: <Thread(Thread-39 (_train), started 6216347648)>
INFO:reinforce.environment:episode 1/100 began
INFO:__main__:running scheduled inference
INFO:__main__:running scheduled inference
INFO:reinforce.environment:

        episode 1/100 done
        loss:             0.8008
        model portfolio: +0.4570%
        buy and hold:    +0.2270%
        
INFO:reinforce.environment:episode 2/100 began
INFO:__main__:running scheduled inference
INFO:__main__:running scheduled inference
INFO:reinforce.environment:

        episode 2/100 done
        loss:            -0.5370
        model portfolio: +0.3233%
        buy and hold:    +0.2270%
        
INFO:reinforce.environment:episode 3/100 began
INFO:__main__:running scheduled inference
INFO:reinforce.environment:

        episode 3/100 done
        loss:            -0.7032
        model portfolio: 0.0000%
        buy and hold:    +0.2270%
        
INFO:reinforce.environment:episode 4/100 began
INFO:__main__:running scheduled inference
INFO:__main__:running scheduled inference
INFO:reinforce.environment:

        episode 4/100 done
        loss:            -2.8877
        model portfolio: +0.0589%
        buy and hold:    +0.2270%
        
INFO:reinforce.environment:episode 5/100 began
INFO:__main__:running scheduled inference
INFO:reinforce.environment:

        episode 5/100 done
        loss:             0.2404
        model portfolio: +0.6481%
        buy and hold:    +0.2270%
        
INFO:reinforce.environment:episode 6/100 began
INFO:__main__:running scheduled inference
INFO:__main__:running scheduled inference
INFO:reinforce.environment:

        episode 6/100 done
        loss:            -1.5670
        model portfolio: -0.3111%
        buy and hold:    +0.2270%
        
INFO:reinforce.environment:episode 7/100 began
INFO:__main__:running scheduled inference
INFO:reinforce.environment:

        episode 7/100 done
        loss:            -1.8719
        model portfolio: +0.1744%
        buy and hold:    +0.2270%
        
INFO:reinforce.environment:episode 8/100 began
INFO:__main__:running scheduled inference
INFO:__main__:running scheduled inference
INFO:reinforce.environment:

        episode 8/100 done
        loss:            -1.0580
        model portfolio: -0.1188%
        buy and hold:    +0.2270%
        
INFO:reinforce.environment:episode 9/100 began
INFO:__main__:running scheduled inference
INFO:reinforce.environment:

        episode 9/100 done
        loss:            -0.8600
        model portfolio: +0.2270%
        buy and hold:    +0.2270%
        
INFO:__main__:running scheduled inference
INFO:reinforce.environment:episode 10/100 began
INFO:__main__:running scheduled inference
INFO:reinforce.environment:

        episode 10/100 done
        loss:             2.3635
        model portfolio: +0.4997%
        buy and hold:    +0.2270%
        
INFO:reinforce.environment:target reached, best episode achieved +0.6481%, exiting.
INFO:__main__:running scheduled inference
INFO:__main__:running scheduled inference
INFO:__main__:running scheduled inference
INFO:__main__:running scheduled inference
INFO:__main__:running scheduled inference
INFO:__main__:running scheduled inference
INFO:__main__:running scheduled inference
INFO:__main__:running scheduled inference
INFO:__main__:running scheduled inference
INFO:__main__:running scheduled inference
INFO:__main__:running scheduled inference
INFO:__main__:running scheduled inference
INFO:__main__:running scheduled inference
INFO:__main__:running scheduled inference
INFO:__main__:running scheduled inference
INFO:__main__:running scheduled inference
INFO:__main__:running scheduled inference
INFO:__main__:running scheduled inference
INFO:__main__:running scheduled inference
INFO:__main__:running scheduled inference
INFO:__main__:running scheduled inference
INFO:__main__:running scheduled inference
INFO:__main__:running scheduled inference
INFO:__main__:running scheduled inference
INFO:__main__:running scheduled inference
INFO:__main__:running scheduled inference
INFO:__main__:running scheduled inference
INFO:__main__:running scheduled inference
INFO:__main__:running scheduled inference
INFO:__main__:running scheduled inference
INFO:__main__:running scheduled inference
INFO:__main__:running scheduled inference
INFO:__main__:running scheduled inference
INFO:__main__:running scheduled inference
INFO:__main__:running scheduled training
INFO:reinforce.environment:training starts
INFO:__main__:training started, thread id: <Thread(Thread-90 (_train), started 6165295104)>
INFO:reinforce.environment:episode 1/100 began
INFO:__main__:running scheduled inference
INFO:__main__:running scheduled inference
INFO:__main__:running scheduled inference
INFO:reinforce.environment:

        episode 1/100 done
        loss:            -3.1856
        model portfolio: -0.0099%
        buy and hold:    -0.2885%
        
INFO:reinforce.environment:episode 2/100 began
INFO:__main__:running scheduled inference
INFO:__main__:running scheduled inference
INFO:reinforce.environment:

        episode 2/100 done
        loss:             1.0721
        model portfolio: -0.2276%
        buy and hold:    -0.2885%
        
INFO:reinforce.environment:episode 3/100 began
INFO:__main__:running scheduled inference
INFO:__main__:running scheduled inference
INFO:__main__:running scheduled inference
INFO:reinforce.environment:

        episode 3/100 done
        loss:            -0.5047
        model portfolio: +0.2842%
        buy and hold:    -0.2885%
        
INFO:reinforce.environment:episode 4/100 began
INFO:__main__:running scheduled inference
INFO:__main__:running scheduled inference
INFO:reinforce.environment:

        episode 4/100 done
        loss:            -0.2346
        model portfolio: -0.1375%
        buy and hold:    -0.2885%
        
INFO:reinforce.environment:episode 5/100 began
INFO:__main__:running scheduled inference
INFO:__main__:running scheduled inference
INFO:reinforce.environment:

        episode 5/100 done
        loss:            -1.2107
        model portfolio: -0.1867%
        buy and hold:    -0.2885%
        
INFO:reinforce.environment:episode 6/100 began
INFO:__main__:running scheduled inference
INFO:__main__:running scheduled inference
INFO:__main__:running scheduled inference
INFO:reinforce.environment:

        episode 6/100 done
        loss:            -1.2505
        model portfolio: -0.0104%
        buy and hold:    -0.2885%
        
INFO:reinforce.environment:episode 7/100 began
INFO:__main__:running scheduled inference
INFO:__main__:running scheduled inference
INFO:reinforce.environment:

        episode 7/100 done
        loss:            -0.2948
        model portfolio: -0.4876%
        buy and hold:    -0.2885%
        
INFO:reinforce.environment:episode 8/100 began
INFO:__main__:running scheduled inference
INFO:__main__:running scheduled inference
INFO:reinforce.environment:

        episode 8/100 done
        loss:            -2.5538
        model portfolio: +0.6746%
        buy and hold:    -0.2885%
        
INFO:reinforce.environment:episode 9/100 began
INFO:__main__:running scheduled inference
INFO:__main__:running scheduled inference
INFO:reinforce.environment:

        episode 9/100 done
        loss:            -4.5180
        model portfolio: -1.0024%
        buy and hold:    -0.2885%
        
INFO:reinforce.environment:episode 10/100 began
INFO:__main__:running scheduled inference
INFO:__main__:running scheduled inference
INFO:__main__:running scheduled inference
INFO:reinforce.environment:

        episode 10/100 done
        loss:            -1.5324
        model portfolio: +0.6361%
        buy and hold:    -0.2885%
        
INFO:reinforce.environment:target reached, best episode achieved +0.6746%, exiting.
INFO:__main__:model updated successfully
INFO:__main__:running scheduled inference
INFO:__main__:running scheduled inference
INFO:__main__:running scheduled inference
INFO:__main__:running scheduled inference
INFO:__main__:running scheduled inference
INFO:__main__:running scheduled inference
INFO:__main__:running scheduled inference
INFO:__main__:running scheduled inference
INFO:__main__:running scheduled inference
INFO:__main__:running scheduled inference
INFO:__main__:running scheduled inference
INFO:__main__:running scheduled inference
INFO:__main__:running scheduled inference
INFO:__main__:running scheduled inference
INFO:__main__:running scheduled inference
INFO:__main__:running scheduled inference
INFO:__main__:running scheduled inference
INFO:__main__:running scheduled inference
INFO:__main__:running scheduled inference
INFO:__main__:running scheduled inference
INFO:__main__:running scheduled inference
INFO:__main__:running scheduled inference
INFO:__main__:running scheduled inference
INFO:__main__:running scheduled inference
INFO:__main__:running scheduled inference
INFO:__main__:running scheduled inference
INFO:__main__:running scheduled training
INFO:reinforce.environment:training starts
INFO:__main__:training started, thread id: <Thread(Thread-141 (_train), started 6216347648)>
INFO:reinforce.environment:episode 1/100 began
INFO:__main__:running scheduled inference
INFO:__main__:running scheduled inference
INFO:__main__:running scheduled inference
INFO:__main__:running scheduled inference
INFO:reinforce.environment:

        episode 1/100 done
        loss:            -1.0287
        model portfolio: +1.1514%
        buy and hold:    +0.8018%
        
INFO:reinforce.environment:episode 2/100 began
INFO:__main__:running scheduled inference
INFO:__main__:running scheduled inference
INFO:__main__:running scheduled inference
INFO:reinforce.environment:

        episode 2/100 done
        loss:             0.6493
        model portfolio: +0.6458%
        buy and hold:    +0.8018%
        
INFO:reinforce.environment:episode 3/100 began
INFO:__main__:running scheduled inference
INFO:__main__:running scheduled inference
INFO:__main__:running scheduled inference
INFO:reinforce.environment:

        episode 3/100 done
        loss:            -0.6781
        model portfolio: +0.0447%
        buy and hold:    +0.8018%
        
INFO:reinforce.environment:episode 4/100 began
INFO:__main__:running scheduled inference
INFO:__main__:running scheduled inference
INFO:__main__:running scheduled inference
INFO:reinforce.environment:

        episode 4/100 done
        loss:             0.5620
        model portfolio: +0.8919%
        buy and hold:    +0.8018%
        
INFO:reinforce.environment:episode 5/100 began
INFO:__main__:running scheduled inference
INFO:__main__:running scheduled inference
INFO:__main__:running scheduled inference
INFO:reinforce.environment:

        episode 5/100 done
        loss:            -0.8747
        model portfolio: +0.5338%
        buy and hold:    +0.8018%
        
INFO:reinforce.environment:episode 6/100 began
INFO:__main__:running scheduled inference
INFO:__main__:running scheduled inference
INFO:__main__:running scheduled inference
INFO:__main__:running scheduled inference
INFO:reinforce.environment:

        episode 6/100 done
        loss:             2.3476
        model portfolio: +0.5989%
        buy and hold:    +0.8018%
        
INFO:reinforce.environment:episode 7/100 began
INFO:__main__:running scheduled inference
INFO:__main__:running scheduled inference
INFO:__main__:running scheduled inference
INFO:reinforce.environment:

        episode 7/100 done
        loss:             2.5960
        model portfolio: +0.4282%
        buy and hold:    +0.8018%
        
INFO:reinforce.environment:episode 8/100 began
INFO:__main__:running scheduled inference
INFO:__main__:running scheduled inference
INFO:__main__:running scheduled inference
INFO:reinforce.environment:

        episode 8/100 done
        loss:            -1.7014
        model portfolio: +0.4888%
        buy and hold:    +0.8018%
        
INFO:reinforce.environment:episode 9/100 began
INFO:__main__:running scheduled inference
INFO:__main__:running scheduled inference
INFO:__main__:running scheduled inference
INFO:reinforce.environment:

        episode 9/100 done
        loss:             0.5767
        model portfolio: +0.5218%
        buy and hold:    +0.8018%
        
INFO:reinforce.environment:episode 10/100 began
INFO:__main__:running scheduled inference
INFO:__main__:running scheduled inference
INFO:__main__:running scheduled inference
INFO:reinforce.environment:

        episode 10/100 done
        loss:             1.8590
        model portfolio: +0.3143%
        buy and hold:    +0.8018%
        
INFO:reinforce.environment:episode 11/100 began
INFO:__main__:running scheduled inference
INFO:__main__:running scheduled inference
INFO:__main__:running scheduled inference
INFO:reinforce.environment:

        episode 11/100 done
        loss:             1.3082
        model portfolio: +0.9911%
        buy and hold:    +0.8018%
        
INFO:reinforce.environment:target reached, best episode achieved +1.1514%, exiting.
INFO:__main__:running scheduled inference
INFO:__main__:running scheduled inference
INFO:__main__:running scheduled inference
INFO:__main__:running scheduled inference
INFO:__main__:running scheduled inference
INFO:__main__:running scheduled inference
INFO:__main__:running scheduled inference
INFO:__main__:running scheduled inference
INFO:__main__:running scheduled inference
INFO:__main__:running scheduled inference
INFO:__main__:running scheduled inference
INFO:__main__:running scheduled inference
INFO:__main__:running scheduled inference
INFO:__main__:running scheduled inference
INFO:__main__:running scheduled inference
INFO:__main__:running scheduled training
INFO:reinforce.environment:training starts
INFO:__main__:training started, thread id: <Thread(Thread-192 (_train), started 6291943424)>
INFO:reinforce.environment:episode 1/100 began
INFO:__main__:running scheduled inference
INFO:__main__:running scheduled inference
INFO:__main__:running scheduled inference
INFO:__main__:running scheduled inference
INFO:__main__:running scheduled inference
INFO:reinforce.environment:

        episode 1/100 done
        loss:             0.1928
        model portfolio: +1.2280%
        buy and hold:    +1.9662%
        
INFO:reinforce.environment:episode 2/100 began
INFO:__main__:running scheduled inference
INFO:__main__:running scheduled inference
INFO:__main__:running scheduled inference
INFO:reinforce.environment:

        episode 2/100 done
        loss:             1.6581
        model portfolio: +1.2808%
        buy and hold:    +1.9662%
        
INFO:reinforce.environment:episode 3/100 began
INFO:__main__:running scheduled inference
INFO:__main__:running scheduled inference
INFO:__main__:running scheduled inference
INFO:__main__:running scheduled inference
INFO:reinforce.environment:

        episode 3/100 done
        loss:            -0.1876
        model portfolio: +0.0021%
        buy and hold:    +1.9662%
        
INFO:reinforce.environment:episode 4/100 began
INFO:__main__:running scheduled inference
INFO:__main__:running scheduled inference
INFO:__main__:running scheduled inference
INFO:__main__:running scheduled inference
INFO:reinforce.environment:

        episode 4/100 done
        loss:            -0.3521
        model portfolio: +0.5535%
        buy and hold:    +1.9662%
        
INFO:reinforce.environment:episode 5/100 began
INFO:__main__:running scheduled inference
INFO:__main__:running scheduled inference
INFO:__main__:running scheduled inference
INFO:__main__:running scheduled inference
INFO:reinforce.environment:

        episode 5/100 done
        loss:            -2.6718
        model portfolio: +0.6752%
        buy and hold:    +1.9662%
        
INFO:reinforce.environment:episode 6/100 began
INFO:__main__:running scheduled inference
INFO:__main__:running scheduled inference
INFO:__main__:running scheduled inference
INFO:__main__:running scheduled inference
INFO:reinforce.environment:

        episode 6/100 done
        loss:             3.6326
        model portfolio: +0.7077%
        buy and hold:    +1.9662%
        
INFO:reinforce.environment:episode 7/100 began
INFO:__main__:running scheduled inference
INFO:__main__:running scheduled inference
INFO:__main__:running scheduled inference
INFO:__main__:running scheduled inference
INFO:reinforce.environment:

        episode 7/100 done
        loss:             2.3976
        model portfolio: +1.0970%
        buy and hold:    +1.9662%
        
INFO:reinforce.environment:episode 8/100 began
INFO:__main__:running scheduled inference
INFO:__main__:running scheduled inference
INFO:__main__:running scheduled inference
INFO:__main__:running scheduled inference
INFO:reinforce.environment:

        episode 8/100 done
        loss:             0.8709
        model portfolio: +0.9400%
        buy and hold:    +1.9662%
        
INFO:reinforce.environment:episode 9/100 began
INFO:__main__:running scheduled inference
INFO:__main__:running scheduled inference
INFO:__main__:running scheduled inference
INFO:__main__:running scheduled inference
INFO:reinforce.environment:

        episode 9/100 done
        loss:            -4.4683
        model portfolio: +0.2686%
        buy and hold:    +1.9662%
        
INFO:reinforce.environment:episode 10/100 began
INFO:__main__:running scheduled inference
INFO:__main__:running scheduled inference
INFO:__main__:running scheduled inference
INFO:reinforce.environment:

        episode 10/100 done
        loss:             3.9201
        model portfolio: +0.5580%
        buy and hold:    +1.9662%
        
INFO:reinforce.environment:episode 11/100 began
INFO:__main__:running scheduled inference
INFO:__main__:running scheduled inference
INFO:__main__:running scheduled inference
INFO:__main__:running scheduled inference
INFO:reinforce.environment:

        episode 11/100 done
        loss:            -1.2427
        model portfolio: +0.3121%
        buy and hold:    +1.9662%
        
INFO:reinforce.environment:episode 12/100 began
INFO:__main__:running scheduled inference
INFO:__main__:running scheduled inference
INFO:__main__:running scheduled inference
INFO:__main__:running scheduled inference
INFO:reinforce.environment:

        episode 12/100 done
        loss:             2.2365
        model portfolio: +1.0271%
        buy and hold:    +1.9662%
        
INFO:reinforce.environment:episode 13/100 began
INFO:__main__:running scheduled inference
INFO:__main__:running scheduled inference
INFO:__main__:running scheduled inference
INFO:__main__:running scheduled training
INFO:__main__:there is another training thread running, wait for it to finish first
INFO:__main__:running scheduled inference
INFO:reinforce.environment:

        episode 13/100 done
        loss:            -2.4162
        model portfolio: +0.5476%
        buy and hold:    +1.9662%
        
INFO:reinforce.environment:episode 14/100 began
INFO:__main__:running scheduled inference
INFO:__main__:running scheduled inference
INFO:__main__:running scheduled inference
INFO:__main__:running scheduled inference
INFO:reinforce.environment:

        episode 14/100 done
        loss:             1.5859
        model portfolio: +0.9572%
        buy and hold:    +1.9662%
        
INFO:reinforce.environment:episode 15/100 began
INFO:__main__:running scheduled inference
INFO:__main__:running scheduled inference
INFO:__main__:running scheduled inference
INFO:__main__:running scheduled inference
INFO:reinforce.environment:

        episode 15/100 done
        loss:            -0.4888
        model portfolio: +0.1844%
        buy and hold:    +1.9662%
        
INFO:reinforce.environment:episode 16/100 began
INFO:__main__:running scheduled inference
INFO:__main__:running scheduled inference
INFO:__main__:running scheduled inference
INFO:__main__:running scheduled inference
INFO:reinforce.environment:

        episode 16/100 done
        loss:             4.5890
        model portfolio: +1.1167%
        buy and hold:    +1.9662%
        
INFO:reinforce.environment:episode 17/100 began
INFO:__main__:running scheduled inference
INFO:__main__:running scheduled inference
INFO:__main__:running scheduled inference
INFO:__main__:running scheduled inference
INFO:reinforce.environment:

        episode 17/100 done
        loss:            -0.3796
        model portfolio: +0.0537%
        buy and hold:    +1.9662%
        
INFO:reinforce.environment:episode 18/100 began
INFO:__main__:running scheduled inference
INFO:__main__:running scheduled inference
INFO:__main__:running scheduled inference
INFO:reinforce.environment:

        episode 18/100 done
        loss:            -0.4489
        model portfolio: +0.6303%
        buy and hold:    +1.9662%
        
INFO:reinforce.environment:episode 19/100 began
INFO:__main__:running scheduled inference
INFO:__main__:running scheduled inference
INFO:__main__:running scheduled inference
INFO:__main__:running scheduled inference
INFO:reinforce.environment:

        episode 19/100 done
        loss:             2.2410
        model portfolio: +0.5948%
        buy and hold:    +1.9662%
        
INFO:reinforce.environment:episode 20/100 began
INFO:__main__:running scheduled inference
INFO:__main__:running scheduled inference
INFO:__main__:running scheduled inference
INFO:__main__:running scheduled inference
INFO:reinforce.environment:

        episode 20/100 done
        loss:             3.2486
        model portfolio: +1.1113%
        buy and hold:    +1.9662%
        
INFO:reinforce.environment:episode 21/100 began
INFO:__main__:running scheduled inference
INFO:__main__:running scheduled inference
INFO:__main__:running scheduled inference
INFO:__main__:running scheduled inference
INFO:reinforce.environment:

        episode 21/100 done
        loss:            -0.7394
        model portfolio: +0.4597%
        buy and hold:    +1.9662%
        
INFO:reinforce.environment:episode 22/100 began
INFO:__main__:running scheduled inference
INFO:__main__:running scheduled inference
INFO:__main__:running scheduled inference
INFO:__main__:running scheduled inference
INFO:reinforce.environment:

        episode 22/100 done
        loss:             3.8812
        model portfolio: +0.4327%
        buy and hold:    +1.9662%
        
INFO:reinforce.environment:episode 23/100 began
INFO:__main__:running scheduled inference
INFO:__main__:running scheduled inference
INFO:__main__:running scheduled inference
INFO:__main__:running scheduled inference
INFO:reinforce.environment:

        episode 23/100 done
        loss:            -0.0825
        model portfolio: +1.3302%
        buy and hold:    +1.9662%
        
INFO:reinforce.environment:episode 24/100 began
INFO:__main__:running scheduled inference
INFO:__main__:running scheduled inference
INFO:__main__:running scheduled inference
INFO:__main__:running scheduled inference
INFO:reinforce.environment:

        episode 24/100 done
        loss:             1.4514
        model portfolio: +1.5488%
        buy and hold:    +1.9662%
        
INFO:reinforce.environment:episode 25/100 began
INFO:__main__:running scheduled inference
INFO:__main__:running scheduled inference
INFO:__main__:running scheduled inference
INFO:__main__:running scheduled inference
INFO:reinforce.environment:

        episode 25/100 done
        loss:             0.9522
        model portfolio: +0.7825%
        buy and hold:    +1.9662%
        
INFO:reinforce.environment:episode 26/100 began
INFO:__main__:running scheduled inference
INFO:__main__:running scheduled inference
INFO:__main__:running scheduled training
INFO:__main__:there is another training thread running, wait for it to finish first
INFO:__main__:running scheduled inference
INFO:__main__:running scheduled inference
INFO:reinforce.environment:

        episode 26/100 done
        loss:             1.7971
        model portfolio: +0.8836%
        buy and hold:    +1.9662%
        
INFO:reinforce.environment:episode 27/100 began
INFO:__main__:running scheduled inference
INFO:__main__:running scheduled inference
INFO:__main__:running scheduled inference
INFO:__main__:running scheduled inference
INFO:reinforce.environment:

        episode 27/100 done
        loss:             1.5748
        model portfolio: +1.0640%
        buy and hold:    +1.9662%
        
INFO:reinforce.environment:episode 28/100 began
INFO:__main__:running scheduled inference
INFO:__main__:running scheduled inference
INFO:__main__:running scheduled inference
INFO:__main__:running scheduled inference
INFO:reinforce.environment:

        episode 28/100 done
        loss:             0.2441
        model portfolio: +0.0467%
        buy and hold:    +1.9662%
        
INFO:reinforce.environment:episode 29/100 began
INFO:__main__:running scheduled inference
INFO:__main__:running scheduled inference
INFO:__main__:running scheduled inference
INFO:__main__:running scheduled inference
INFO:reinforce.environment:

        episode 29/100 done
        loss:             0.2849
        model portfolio: +0.0310%
        buy and hold:    +1.9662%
        
INFO:reinforce.environment:episode 30/100 began
INFO:__main__:running scheduled inference
INFO:__main__:running scheduled inference
INFO:__main__:running scheduled inference
INFO:__main__:running scheduled inference
INFO:reinforce.environment:

        episode 30/100 done
        loss:             0.7684
        model portfolio: +1.8814%
        buy and hold:    +1.9662%
        
INFO:reinforce.environment:episode 31/100 began
INFO:__main__:running scheduled inference
INFO:__main__:running scheduled inference
INFO:__main__:running scheduled inference
INFO:__main__:running scheduled inference
INFO:reinforce.environment:

        episode 31/100 done
        loss:             0.3338
        model portfolio: +0.8011%
        buy and hold:    +1.9662%
        
INFO:reinforce.environment:episode 32/100 began
INFO:__main__:running scheduled inference
INFO:__main__:running scheduled inference
INFO:__main__:running scheduled inference
INFO:__main__:running scheduled inference
INFO:reinforce.environment:

        episode 32/100 done
        loss:            -3.0288
        model portfolio: +0.3768%
        buy and hold:    +1.9662%
        
INFO:reinforce.environment:episode 33/100 began
INFO:__main__:running scheduled inference
INFO:__main__:running scheduled inference
INFO:__main__:running scheduled inference
INFO:__main__:running scheduled inference
INFO:reinforce.environment:

        episode 33/100 done
        loss:             2.7242
        model portfolio: +1.4551%
        buy and hold:    +1.9662%
        
INFO:reinforce.environment:episode 34/100 began
INFO:__main__:running scheduled inference
INFO:__main__:running scheduled inference
INFO:__main__:running scheduled inference
INFO:reinforce.environment:

        episode 34/100 done
        loss:             0.2347
        model portfolio: +0.5149%
        buy and hold:    +1.9662%
        
INFO:reinforce.environment:episode 35/100 began
INFO:__main__:running scheduled inference
INFO:__main__:running scheduled inference
INFO:__main__:running scheduled inference
INFO:__main__:running scheduled inference
INFO:reinforce.environment:

        episode 35/100 done
        loss:             1.3206
        model portfolio: +0.7608%
        buy and hold:    +1.9662%
        
INFO:reinforce.environment:episode 36/100 began
INFO:__main__:running scheduled inference
INFO:__main__:running scheduled inference
INFO:__main__:running scheduled inference
INFO:__main__:running scheduled inference
INFO:reinforce.environment:

        episode 36/100 done
        loss:            -0.6650
        model portfolio: +1.1892%
        buy and hold:    +1.9662%
        
INFO:reinforce.environment:episode 37/100 began
INFO:__main__:running scheduled inference
INFO:__main__:running scheduled inference
INFO:__main__:running scheduled inference
INFO:__main__:running scheduled inference
INFO:reinforce.environment:

        episode 37/100 done
        loss:             0.9259
        model portfolio: +0.7170%
        buy and hold:    +1.9662%
        
INFO:reinforce.environment:episode 38/100 began
INFO:__main__:running scheduled inference
INFO:__main__:running scheduled inference
INFO:__main__:running scheduled inference
INFO:__main__:running scheduled inference
INFO:reinforce.environment:

        episode 38/100 done
        loss:             1.5434
        model portfolio: +0.6792%
        buy and hold:    +1.9662%
        
INFO:reinforce.environment:episode 39/100 began
INFO:__main__:running scheduled inference
INFO:__main__:running scheduled training
INFO:__main__:there is another training thread running, wait for it to finish first
INFO:__main__:running scheduled inference
INFO:__main__:running scheduled inference
INFO:__main__:running scheduled inference
INFO:reinforce.environment:

        episode 39/100 done
        loss:             0.3080
        model portfolio: +1.2410%
        buy and hold:    +1.9662%
        
INFO:reinforce.environment:episode 40/100 began
INFO:__main__:running scheduled inference
INFO:__main__:running scheduled inference
INFO:__main__:running scheduled inference
INFO:__main__:running scheduled inference
INFO:reinforce.environment:

        episode 40/100 done
        loss:            -0.2504
        model portfolio: -0.2782%
        buy and hold:    +1.9662%
        
INFO:reinforce.environment:episode 41/100 began
INFO:__main__:running scheduled inference
INFO:__main__:running scheduled inference
INFO:__main__:running scheduled inference
INFO:__main__:running scheduled inference
INFO:reinforce.environment:

        episode 41/100 done
        loss:             0.2687
        model portfolio: +1.7561%
        buy and hold:    +1.9662%
        
INFO:reinforce.environment:episode 42/100 began
INFO:__main__:running scheduled inference
INFO:__main__:running scheduled inference
INFO:__main__:running scheduled inference
INFO:__main__:running scheduled inference
INFO:reinforce.environment:

        episode 42/100 done
        loss:             1.1024
        model portfolio: +0.4575%
        buy and hold:    +1.9662%
        
INFO:reinforce.environment:episode 43/100 began
INFO:__main__:running scheduled inference
INFO:__main__:running scheduled inference
INFO:__main__:running scheduled inference
INFO:reinforce.environment:

        episode 43/100 done
        loss:             2.3562
        model portfolio: +1.4951%
        buy and hold:    +1.9662%
        
INFO:reinforce.environment:episode 44/100 began
INFO:__main__:running scheduled inference
INFO:__main__:running scheduled inference
INFO:__main__:running scheduled inference
INFO:__main__:running scheduled inference
INFO:reinforce.environment:

        episode 44/100 done
        loss:            -0.3780
        model portfolio: +0.4311%
        buy and hold:    +1.9662%
        
INFO:reinforce.environment:episode 45/100 began
INFO:__main__:running scheduled inference
INFO:__main__:running scheduled inference
INFO:__main__:running scheduled inference
INFO:__main__:running scheduled inference
INFO:reinforce.environment:

        episode 45/100 done
        loss:             2.7811
        model portfolio: +1.6951%
        buy and hold:    +1.9662%
        
INFO:reinforce.environment:episode 46/100 began
INFO:__main__:running scheduled inference
INFO:__main__:running scheduled inference
INFO:__main__:running scheduled inference
INFO:__main__:running scheduled inference
INFO:reinforce.environment:

        episode 46/100 done
        loss:             2.1887
        model portfolio: +1.9524%
        buy and hold:    +1.9662%
        
INFO:reinforce.environment:episode 47/100 began
INFO:__main__:running scheduled inference
INFO:__main__:running scheduled inference
INFO:__main__:running scheduled inference
INFO:__main__:running scheduled inference
INFO:reinforce.environment:

        episode 47/100 done
        loss:             1.6985
        model portfolio: +0.6877%
        buy and hold:    +1.9662%
        
INFO:reinforce.environment:episode 48/100 began
INFO:__main__:running scheduled inference
INFO:__main__:running scheduled inference
INFO:__main__:running scheduled inference
INFO:__main__:running scheduled inference
INFO:reinforce.environment:

        episode 48/100 done
        loss:             1.4825
        model portfolio: +1.1211%
        buy and hold:    +1.9662%
        
INFO:reinforce.environment:episode 49/100 began
INFO:__main__:running scheduled inference
INFO:__main__:running scheduled inference
INFO:__main__:running scheduled inference
INFO:__main__:running scheduled inference
INFO:reinforce.environment:

        episode 49/100 done
        loss:             1.4451
        model portfolio: +1.6426%
        buy and hold:    +1.9662%
        
INFO:reinforce.environment:episode 50/100 began
INFO:__main__:running scheduled inference
INFO:__main__:running scheduled inference
INFO:__main__:running scheduled inference
INFO:__main__:running scheduled inference
INFO:reinforce.environment:

        episode 50/100 done
        loss:            -1.0015
        model portfolio: +0.5850%
        buy and hold:    +1.9662%
        
INFO:reinforce.environment:episode 51/100 began
INFO:__main__:running scheduled inference
INFO:__main__:running scheduled inference
INFO:__main__:running scheduled inference
INFO:__main__:running scheduled inference
INFO:reinforce.environment:

        episode 51/100 done
        loss:             0.5195
        model portfolio: +0.4960%
        buy and hold:    +1.9662%
        
INFO:reinforce.environment:episode 52/100 began
INFO:__main__:running scheduled training
INFO:__main__:there is another training thread running, wait for it to finish first
INFO:__main__:running scheduled inference
INFO:__main__:running scheduled inference
INFO:__main__:running scheduled inference
INFO:__main__:running scheduled inference
INFO:reinforce.environment:

        episode 52/100 done
        loss:             0.1058
        model portfolio: +0.6724%
        buy and hold:    +1.9662%
        
INFO:reinforce.environment:episode 53/100 began
INFO:__main__:running scheduled inference
INFO:__main__:running scheduled inference
INFO:__main__:running scheduled inference
INFO:__main__:running scheduled inference
INFO:reinforce.environment:

        episode 53/100 done
        loss:             3.4384
        model portfolio: +1.7797%
        buy and hold:    +1.9662%
        
INFO:reinforce.environment:episode 54/100 began
INFO:__main__:running scheduled inference
INFO:__main__:running scheduled inference
INFO:__main__:running scheduled inference
INFO:__main__:running scheduled inference
INFO:reinforce.environment:

        episode 54/100 done
        loss:            -0.4860
        model portfolio: +0.3684%
        buy and hold:    +1.9662%
        
INFO:reinforce.environment:episode 55/100 began
INFO:__main__:running scheduled inference
INFO:__main__:running scheduled inference
INFO:__main__:running scheduled inference
INFO:__main__:running scheduled inference
INFO:reinforce.environment:

        episode 55/100 done
        loss:             1.2832
        model portfolio: +0.9486%
        buy and hold:    +1.9662%
        
INFO:reinforce.environment:episode 56/100 began
INFO:__main__:running scheduled inference
INFO:__main__:running scheduled inference
INFO:__main__:running scheduled inference
INFO:__main__:running scheduled inference
INFO:reinforce.environment:

        episode 56/100 done
        loss:            -0.3080
        model portfolio: +0.4043%
        buy and hold:    +1.9662%
        
INFO:reinforce.environment:episode 57/100 began
INFO:__main__:running scheduled inference
INFO:__main__:running scheduled inference
INFO:__main__:running scheduled inference
INFO:__main__:running scheduled inference
INFO:reinforce.environment:

        episode 57/100 done
        loss:             0.3802
        model portfolio: +0.7023%
        buy and hold:    +1.9662%
        
INFO:reinforce.environment:episode 58/100 began
INFO:__main__:running scheduled inference
INFO:__main__:running scheduled inference
INFO:__main__:running scheduled inference
INFO:__main__:running scheduled inference
INFO:reinforce.environment:

        episode 58/100 done
        loss:             0.5335
        model portfolio: +0.9960%
        buy and hold:    +1.9662%
        
INFO:reinforce.environment:episode 59/100 began
INFO:__main__:running scheduled inference
INFO:__main__:running scheduled inference
INFO:__main__:running scheduled inference
INFO:reinforce.environment:

        episode 59/100 done
        loss:             0.9578
        model portfolio: +0.9911%
        buy and hold:    +1.9662%
        
INFO:__main__:running scheduled inference
INFO:reinforce.environment:episode 60/100 began
INFO:__main__:running scheduled inference
INFO:__main__:running scheduled inference
INFO:__main__:running scheduled inference
INFO:reinforce.environment:

        episode 60/100 done
        loss:             1.8852
        model portfolio: +1.2564%
        buy and hold:    +1.9662%
        
INFO:reinforce.environment:episode 61/100 began
INFO:__main__:running scheduled inference
INFO:__main__:running scheduled inference
INFO:__main__:running scheduled inference
INFO:__main__:running scheduled inference
INFO:reinforce.environment:

        episode 61/100 done
        loss:             0.1386
        model portfolio: +0.1338%
        buy and hold:    +1.9662%
        
INFO:reinforce.environment:episode 62/100 began
INFO:__main__:running scheduled inference
INFO:__main__:running scheduled inference
INFO:__main__:running scheduled inference
INFO:__main__:running scheduled inference
INFO:reinforce.environment:

        episode 62/100 done
        loss:             0.3843
        model portfolio: +0.7257%
        buy and hold:    +1.9662%
        
INFO:reinforce.environment:episode 63/100 began
INFO:__main__:running scheduled inference
INFO:__main__:running scheduled inference
INFO:__main__:running scheduled inference
INFO:__main__:running scheduled inference
INFO:reinforce.environment:

        episode 63/100 done
        loss:             1.3095
        model portfolio: +1.5425%
        buy and hold:    +1.9662%
        
INFO:reinforce.environment:episode 64/100 began
INFO:__main__:running scheduled inference
INFO:__main__:running scheduled inference
INFO:__main__:running scheduled inference
INFO:__main__:running scheduled training
INFO:__main__:there is another training thread running, wait for it to finish first
INFO:__main__:running scheduled inference
INFO:reinforce.environment:

        episode 64/100 done
        loss:            -1.1551
        model portfolio: -0.3214%
        buy and hold:    +1.9662%
        
INFO:reinforce.environment:episode 65/100 began
INFO:__main__:running scheduled inference
INFO:__main__:running scheduled inference
INFO:__main__:running scheduled inference
INFO:__main__:running scheduled inference
INFO:reinforce.environment:

        episode 65/100 done
        loss:            -1.0791
        model portfolio: +0.0921%
        buy and hold:    +1.9662%
        
INFO:reinforce.environment:episode 66/100 began
INFO:__main__:running scheduled inference
INFO:__main__:running scheduled inference
INFO:__main__:running scheduled inference
INFO:__main__:running scheduled inference
INFO:reinforce.environment:

        episode 66/100 done
        loss:            -0.2476
        model portfolio: +0.1412%
        buy and hold:    +1.9662%
        
INFO:reinforce.environment:episode 67/100 began
INFO:__main__:running scheduled inference
INFO:__main__:running scheduled inference
INFO:__main__:running scheduled inference
INFO:__main__:running scheduled inference
INFO:reinforce.environment:

        episode 67/100 done
        loss:            -0.0360
        model portfolio: +1.1239%
        buy and hold:    +1.9662%
        
INFO:reinforce.environment:episode 68/100 began
INFO:__main__:running scheduled inference
INFO:__main__:running scheduled inference
INFO:__main__:running scheduled inference
INFO:__main__:running scheduled inference
INFO:reinforce.environment:

        episode 68/100 done
        loss:             2.0783
        model portfolio: +1.0447%
        buy and hold:    +1.9662%
        
INFO:reinforce.environment:episode 69/100 began
INFO:__main__:running scheduled inference
INFO:__main__:running scheduled inference
INFO:__main__:running scheduled inference
INFO:__main__:running scheduled inference
INFO:reinforce.environment:

        episode 69/100 done
        loss:             2.7500
        model portfolio: +1.8570%
        buy and hold:    +1.9662%
        
INFO:reinforce.environment:episode 70/100 began
INFO:__main__:running scheduled inference
INFO:__main__:running scheduled inference
INFO:__main__:running scheduled inference
INFO:__main__:running scheduled inference
INFO:reinforce.environment:

        episode 70/100 done
        loss:             2.2592
        model portfolio: +1.5052%
        buy and hold:    +1.9662%
        
INFO:reinforce.environment:episode 71/100 began
INFO:__main__:running scheduled inference
ERROR:__main__:
INFO:__main__:running scheduled inference
INFO:__main__:running scheduled inference
INFO:__main__:running scheduled inference
INFO:reinforce.environment:

        episode 71/100 done
        loss:            -0.7126
        model portfolio: +0.4300%
        buy and hold:    +1.9662%
        
INFO:reinforce.environment:episode 72/100 began
INFO:__main__:running scheduled inference
INFO:__main__:running scheduled inference
INFO:__main__:running scheduled inference
INFO:__main__:running scheduled inference
INFO:reinforce.environment:

        episode 72/100 done
        loss:            -0.7633
        model portfolio: +0.7150%
        buy and hold:    +1.9662%
        
INFO:reinforce.environment:episode 73/100 began
INFO:__main__:running scheduled inference
INFO:__main__:not live data, connecting to db data/examples/SPY.db
INFO:__main__:starting timer thread
INFO:reinforce.environment:training starts
INFO:__main__:training started, thread id: <Thread(Thread-2 (_train), started 6230585344)>
INFO:__main__:running scheduled inference
WARNING:__main__:model not ready, not running inference
INFO:reinforce.environment:episode 1/100 began
INFO:__main__:running scheduled inference
WARNING:__main__:model not ready, not running inference
INFO:reinforce.environment:

        episode 1/100 done
        loss:             0.3858
        model portfolio: 0.0000%
        buy and hold:    -0.1580%
        
INFO:reinforce.environment:episode 2/100 began
INFO:__main__:running scheduled inference
WARNING:__main__:model not ready, not running inference
ERROR:__main__:
INFO:reinforce.environment:

        episode 2/100 done
        loss:             0.8551
        model portfolio: +0.1276%
        buy and hold:    -0.1580%
        
INFO:reinforce.environment:episode 3/100 began
INFO:__main__:running scheduled inference
WARNING:__main__:model not ready, not running inference
INFO:reinforce.environment:

        episode 3/100 done
        loss:             0.9998
        model portfolio: -0.3049%
        buy and hold:    -0.1580%
        
INFO:reinforce.environment:episode 4/100 began
INFO:__main__:running scheduled inference
WARNING:__main__:model not ready, not running inference
INFO:reinforce.environment:

        episode 4/100 done
        loss:             0.0326
        model portfolio: -0.0726%
        buy and hold:    -0.1580%
        
INFO:reinforce.environment:episode 5/100 began
INFO:reinforce.environment:

        episode 5/100 done
        loss:             0.3546
        model portfolio: -0.2687%
        buy and hold:    -0.1580%
        
INFO:reinforce.environment:episode 6/100 began
INFO:__main__:running scheduled inference
WARNING:__main__:model not ready, not running inference
INFO:reinforce.environment:

        episode 6/100 done
        loss:            -0.3825
        model portfolio: +0.0859%
        buy and hold:    -0.1580%
        
INFO:reinforce.environment:episode 7/100 began
INFO:__main__:running scheduled inference
WARNING:__main__:model not ready, not running inference
INFO:reinforce.environment:

        episode 7/100 done
        loss:            -0.2985
        model portfolio: +0.0015%
        buy and hold:    -0.1580%
        
INFO:reinforce.environment:episode 8/100 began
INFO:__main__:running scheduled inference
WARNING:__main__:model not ready, not running inference
INFO:reinforce.environment:

        episode 8/100 done
        loss:            -0.7251
        model portfolio: -0.3202%
        buy and hold:    -0.1580%
        
INFO:reinforce.environment:episode 9/100 began
INFO:reinforce.environment:

        episode 9/100 done
        loss:            -0.3625
        model portfolio: +0.0541%
        buy and hold:    -0.1580%
        
INFO:reinforce.environment:episode 10/100 began
INFO:__main__:running scheduled inference
WARNING:__main__:model not ready, not running inference
INFO:reinforce.environment:

        episode 10/100 done
        loss:            -0.1028
        model portfolio: -0.1818%
        buy and hold:    -0.1580%
        
INFO:reinforce.environment:episode 11/100 began
INFO:__main__:running scheduled inference
WARNING:__main__:model not ready, not running inference
INFO:reinforce.environment:

        episode 11/100 done
        loss:             0.5197
        model portfolio: +0.2424%
        buy and hold:    -0.1580%
        
INFO:reinforce.environment:target reached, best episode achieved +0.2424%, exiting.
INFO:__main__:model updated successfully
INFO:__main__:running scheduled inference
INFO:__main__:running scheduled inference
INFO:__main__:running scheduled inference
INFO:__main__:running scheduled inference
INFO:__main__:running scheduled inference
INFO:__main__:running scheduled inference
INFO:__main__:running scheduled inference
INFO:__main__:running scheduled inference
INFO:__main__:running scheduled inference
INFO:__main__:running scheduled inference
INFO:__main__:running scheduled inference
INFO:__main__:running scheduled inference
INFO:__main__:running scheduled inference
INFO:__main__:running scheduled inference
INFO:__main__:running scheduled inference
INFO:__main__:running scheduled inference
INFO:__main__:running scheduled inference
INFO:__main__:running scheduled inference
INFO:__main__:running scheduled inference
INFO:__main__:running scheduled inference
INFO:__main__:running scheduled inference
INFO:__main__:running scheduled inference
INFO:__main__:running scheduled inference
INFO:__main__:running scheduled inference
INFO:__main__:running scheduled inference
INFO:__main__:running scheduled inference
INFO:__main__:running scheduled inference
INFO:__main__:running scheduled inference
INFO:__main__:running scheduled inference
INFO:__main__:running scheduled inference
INFO:__main__:running scheduled inference
INFO:__main__:running scheduled inference
INFO:__main__:running scheduled inference
INFO:__main__:running scheduled inference
INFO:__main__:running scheduled inference
INFO:__main__:running scheduled inference
INFO:__main__:running scheduled inference
INFO:__main__:running scheduled inference
INFO:__main__:running scheduled inference
INFO:__main__:running scheduled inference
INFO:__main__:running scheduled training
INFO:reinforce.environment:training starts
INFO:__main__:training started, thread id: <Thread(Thread-43 (_train), started 6282211328)>
INFO:reinforce.environment:episode 1/100 began
INFO:__main__:running scheduled inference
INFO:__main__:running scheduled inference
INFO:reinforce.environment:

        episode 1/100 done
        loss:            -1.0168
        model portfolio: +0.0286%
        buy and hold:    +0.2270%
        
INFO:reinforce.environment:episode 2/100 began
INFO:__main__:running scheduled inference
INFO:__main__:running scheduled inference
INFO:reinforce.environment:

        episode 2/100 done
        loss:            -0.9971
        model portfolio: +0.3678%
        buy and hold:    +0.2270%
        
INFO:reinforce.environment:episode 3/100 began
INFO:__main__:running scheduled inference
INFO:reinforce.environment:

        episode 3/100 done
        loss:            -0.7648
        model portfolio: +0.1142%
        buy and hold:    +0.2270%
        
INFO:reinforce.environment:episode 4/100 began
INFO:__main__:running scheduled inference
INFO:__main__:running scheduled inference
INFO:reinforce.environment:

        episode 4/100 done
        loss:            -0.9805
        model portfolio: +0.0832%
        buy and hold:    +0.2270%
        
INFO:reinforce.environment:episode 5/100 began
INFO:__main__:running scheduled inference
INFO:reinforce.environment:

        episode 5/100 done
        loss:             1.5861
        model portfolio: +0.5940%
        buy and hold:    +0.2270%
        
INFO:reinforce.environment:episode 6/100 began
INFO:__main__:running scheduled inference
INFO:__main__:running scheduled inference
INFO:reinforce.environment:

        episode 6/100 done
        loss:            -0.3851
        model portfolio: +0.2625%
        buy and hold:    +0.2270%
        
INFO:reinforce.environment:episode 7/100 began
INFO:__main__:running scheduled inference
INFO:reinforce.environment:

        episode 7/100 done
        loss:            -0.8744
        model portfolio: +0.4409%
        buy and hold:    +0.2270%
        
INFO:reinforce.environment:episode 8/100 began
INFO:__main__:running scheduled inference
INFO:__main__:running scheduled inference
INFO:reinforce.environment:

        episode 8/100 done
        loss:             0.9837
        model portfolio: +0.1643%
        buy and hold:    +0.2270%
        
INFO:reinforce.environment:episode 9/100 began
INFO:__main__:running scheduled inference
INFO:reinforce.environment:

        episode 9/100 done
        loss:            -0.2859
        model portfolio: -0.0122%
        buy and hold:    +0.2270%
        
INFO:reinforce.environment:episode 10/100 began
INFO:__main__:running scheduled inference
INFO:__main__:running scheduled inference
INFO:reinforce.environment:

        episode 10/100 done
        loss:            -0.8909
        model portfolio: +0.2881%
        buy and hold:    +0.2270%
        
INFO:reinforce.environment:target reached, best episode achieved +0.5940%, exiting.
INFO:__main__:running scheduled inference
INFO:__main__:running scheduled inference
INFO:__main__:running scheduled inference
INFO:__main__:running scheduled inference
INFO:__main__:running scheduled inference
INFO:__main__:running scheduled inference
INFO:__main__:running scheduled inference
INFO:__main__:running scheduled inference
INFO:__main__:running scheduled inference
INFO:__main__:running scheduled inference
INFO:__main__:running scheduled inference
INFO:__main__:running scheduled inference
INFO:__main__:running scheduled inference
INFO:__main__:running scheduled inference
INFO:__main__:running scheduled inference
INFO:__main__:running scheduled inference
INFO:__main__:running scheduled inference
INFO:__main__:running scheduled inference
INFO:__main__:running scheduled inference
INFO:__main__:running scheduled inference
INFO:__main__:running scheduled inference
INFO:__main__:running scheduled inference
INFO:__main__:running scheduled inference
INFO:__main__:running scheduled inference
INFO:__main__:running scheduled inference
INFO:__main__:running scheduled inference
INFO:__main__:running scheduled inference
INFO:__main__:running scheduled inference
INFO:__main__:running scheduled inference
INFO:__main__:running scheduled inference
INFO:__main__:running scheduled inference
INFO:__main__:running scheduled inference
INFO:__main__:running scheduled inference
INFO:__main__:running scheduled inference
INFO:__main__:running scheduled training
INFO:reinforce.environment:training starts
INFO:__main__:training started, thread id: <Thread(Thread-94 (_train), started 6230585344)>
INFO:reinforce.environment:episode 1/100 began
INFO:__main__:running scheduled inference
INFO:__main__:running scheduled inference
INFO:__main__:running scheduled inference
INFO:reinforce.environment:

        episode 1/100 done
        loss:            -0.4741
        model portfolio: -0.1425%
        buy and hold:    -0.2885%
        
INFO:reinforce.environment:episode 2/100 began
INFO:__main__:running scheduled inference
INFO:__main__:running scheduled inference
INFO:reinforce.environment:

        episode 2/100 done
        loss:            -3.2331
        model portfolio: -0.7326%
        buy and hold:    -0.2885%
        
INFO:reinforce.environment:episode 3/100 began
INFO:__main__:running scheduled inference
INFO:__main__:running scheduled inference
INFO:reinforce.environment:

        episode 3/100 done
        loss:            -1.8734
        model portfolio: -0.4719%
        buy and hold:    -0.2885%
        
INFO:reinforce.environment:episode 4/100 began
INFO:__main__:running scheduled inference
INFO:__main__:running scheduled inference
INFO:__main__:running scheduled inference
INFO:reinforce.environment:

        episode 4/100 done
        loss:             0.7205
        model portfolio: +0.4576%
        buy and hold:    -0.2885%
        
INFO:reinforce.environment:episode 5/100 began
INFO:__main__:running scheduled inference
INFO:__main__:running scheduled inference
INFO:reinforce.environment:

        episode 5/100 done
        loss:            -2.5435
        model portfolio: +0.0257%
        buy and hold:    -0.2885%
        
INFO:reinforce.environment:episode 6/100 began
INFO:__main__:running scheduled inference
INFO:__main__:running scheduled inference
INFO:reinforce.environment:

        episode 6/100 done
        loss:             0.1272
        model portfolio: +0.2466%
        buy and hold:    -0.2885%
        
INFO:reinforce.environment:episode 7/100 began
INFO:__main__:running scheduled inference
INFO:__main__:running scheduled inference
INFO:__main__:running scheduled inference
INFO:reinforce.environment:

        episode 7/100 done
        loss:             0.5520
        model portfolio: -0.0752%
        buy and hold:    -0.2885%
        
INFO:reinforce.environment:episode 8/100 began
INFO:__main__:running scheduled inference
INFO:__main__:running scheduled inference
INFO:reinforce.environment:

        episode 8/100 done
        loss:            -0.2876
        model portfolio: -0.4289%
        buy and hold:    -0.2885%
        
INFO:reinforce.environment:episode 9/100 began
INFO:__main__:running scheduled inference
INFO:__main__:running scheduled inference
INFO:reinforce.environment:

        episode 9/100 done
        loss:            -0.0842
        model portfolio: +0.3563%
        buy and hold:    -0.2885%
        
INFO:reinforce.environment:episode 10/100 began
INFO:__main__:running scheduled inference
ERROR:__main__:
INFO:__main__:running scheduled inference
INFO:__main__:not live data, connecting to db data/examples/GC.db
INFO:__main__:starting timer thread
INFO:reinforce.environment:training starts
INFO:__main__:training started, thread id: <Thread(Thread-2 (_train), started 6137344000)>
INFO:__main__:running scheduled inference
WARNING:__main__:model not ready, not running inference
INFO:reinforce.environment:episode 1/100 began
INFO:__main__:running scheduled inference
WARNING:__main__:model not ready, not running inference
INFO:reinforce.environment:

        episode 1/100 done
        loss:             1.0661
        model portfolio: -0.0562%
        buy and hold:    +1.2812%
        
INFO:reinforce.environment:episode 2/100 began
INFO:__main__:running scheduled inference
WARNING:__main__:model not ready, not running inference
INFO:reinforce.environment:

        episode 2/100 done
        loss:            -0.4843
        model portfolio: -0.2339%
        buy and hold:    +1.2812%
        
INFO:reinforce.environment:episode 3/100 began
INFO:__main__:running scheduled inference
WARNING:__main__:model not ready, not running inference
INFO:reinforce.environment:

        episode 3/100 done
        loss:             1.1620
        model portfolio: +0.3129%
        buy and hold:    +1.2812%
        
ERROR:__main__:
INFO:reinforce.environment:episode 4/100 began
INFO:reinforce.environment:

        episode 4/100 done
        loss:            -0.0025
        model portfolio: +1.3641%
        buy and hold:    +1.2812%
        
INFO:reinforce.environment:episode 5/100 began
INFO:__main__:running scheduled inference
WARNING:__main__:model not ready, not running inference
INFO:reinforce.environment:

        episode 5/100 done
        loss:            -0.5646
        model portfolio: +0.1935%
        buy and hold:    +1.2812%
        
INFO:reinforce.environment:episode 6/100 began
INFO:__main__:running scheduled inference
WARNING:__main__:model not ready, not running inference
INFO:reinforce.environment:

        episode 6/100 done
        loss:            -0.5406
        model portfolio: +1.2412%
        buy and hold:    +1.2812%
        
INFO:reinforce.environment:episode 7/100 began
INFO:__main__:running scheduled inference
WARNING:__main__:model not ready, not running inference
INFO:reinforce.environment:

        episode 7/100 done
        loss:            -0.4618
        model portfolio: -0.2682%
        buy and hold:    +1.2812%
        
INFO:reinforce.environment:episode 8/100 began
INFO:__main__:running scheduled inference
WARNING:__main__:model not ready, not running inference
INFO:reinforce.environment:

        episode 8/100 done
        loss:            -1.3287
        model portfolio: +0.2650%
        buy and hold:    +1.2812%
        
INFO:reinforce.environment:episode 9/100 began
INFO:reinforce.environment:

        episode 9/100 done
        loss:            -0.7509
        model portfolio: +0.6045%
        buy and hold:    +1.2812%
        
INFO:reinforce.environment:episode 10/100 began
INFO:__main__:running scheduled inference
WARNING:__main__:model not ready, not running inference
INFO:reinforce.environment:

        episode 10/100 done
        loss:            -1.5035
        model portfolio: +0.7380%
        buy and hold:    +1.2812%
        
INFO:reinforce.environment:episode 11/100 began
INFO:__main__:running scheduled inference
WARNING:__main__:model not ready, not running inference
INFO:reinforce.environment:

        episode 11/100 done
        loss:             0.5306
        model portfolio: +0.2575%
        buy and hold:    +1.2812%
        
INFO:reinforce.environment:episode 12/100 began
INFO:__main__:running scheduled inference
WARNING:__main__:model not ready, not running inference
INFO:reinforce.environment:

        episode 12/100 done
        loss:            -0.6634
        model portfolio: +0.3933%
        buy and hold:    +1.2812%
        
INFO:reinforce.environment:episode 13/100 began
INFO:reinforce.environment:

        episode 13/100 done
        loss:             0.1119
        model portfolio: +0.7423%
        buy and hold:    +1.2812%
        
INFO:reinforce.environment:episode 14/100 began
INFO:__main__:running scheduled inference
WARNING:__main__:model not ready, not running inference
INFO:reinforce.environment:

        episode 14/100 done
        loss:             1.4401
        model portfolio: -0.3894%
        buy and hold:    +1.2812%
        
INFO:reinforce.environment:episode 15/100 began
INFO:__main__:running scheduled inference
WARNING:__main__:model not ready, not running inference
INFO:reinforce.environment:

        episode 15/100 done
        loss:            -0.7702
        model portfolio: +0.1717%
        buy and hold:    +1.2812%
        
INFO:reinforce.environment:episode 16/100 began
INFO:__main__:running scheduled inference
WARNING:__main__:model not ready, not running inference
INFO:reinforce.environment:

        episode 16/100 done
        loss:             0.1427
        model portfolio: -0.0080%
        buy and hold:    +1.2812%
        
INFO:reinforce.environment:episode 17/100 began
INFO:reinforce.environment:

        episode 17/100 done
        loss:             0.4969
        model portfolio: +0.1389%
        buy and hold:    +1.2812%
        
INFO:reinforce.environment:episode 18/100 began
INFO:__main__:running scheduled inference
WARNING:__main__:model not ready, not running inference
INFO:reinforce.environment:

        episode 18/100 done
        loss:            -0.4584
        model portfolio: +0.2128%
        buy and hold:    +1.2812%
        
INFO:reinforce.environment:episode 19/100 began
INFO:__main__:running scheduled inference
WARNING:__main__:model not ready, not running inference
INFO:reinforce.environment:

        episode 19/100 done
        loss:             1.8575
        model portfolio: +0.0831%
        buy and hold:    +1.2812%
        
INFO:reinforce.environment:episode 20/100 began
INFO:reinforce.environment:

        episode 20/100 done
        loss:             0.2376
        model portfolio: +0.2965%
        buy and hold:    +1.2812%
        
INFO:__main__:running scheduled inference
WARNING:__main__:model not ready, not running inference
INFO:reinforce.environment:episode 21/100 began
INFO:reinforce.environment:

        episode 21/100 done
        loss:             1.1725
        model portfolio: +0.1301%
        buy and hold:    +1.2812%
        
INFO:reinforce.environment:episode 22/100 began
INFO:__main__:running scheduled inference
WARNING:__main__:model not ready, not running inference
INFO:reinforce.environment:

        episode 22/100 done
        loss:            -0.2096
        model portfolio: +0.7915%
        buy and hold:    +1.2812%
        
INFO:reinforce.environment:episode 23/100 began
INFO:__main__:running scheduled inference
WARNING:__main__:model not ready, not running inference
INFO:reinforce.environment:

        episode 23/100 done
        loss:             0.4487
        model portfolio: +0.4618%
        buy and hold:    +1.2812%
        
INFO:reinforce.environment:episode 24/100 began
INFO:reinforce.environment:

        episode 24/100 done
        loss:            -1.1392
        model portfolio: -0.2416%
        buy and hold:    +1.2812%
        
INFO:reinforce.environment:episode 25/100 began
INFO:__main__:running scheduled inference
WARNING:__main__:model not ready, not running inference
INFO:reinforce.environment:

        episode 25/100 done
        loss:             0.3271
        model portfolio: +0.3844%
        buy and hold:    +1.2812%
        
INFO:reinforce.environment:episode 26/100 began
INFO:__main__:running scheduled inference
WARNING:__main__:model not ready, not running inference
INFO:reinforce.environment:

        episode 26/100 done
        loss:             1.1099
        model portfolio: +0.4590%
        buy and hold:    +1.2812%
        
INFO:reinforce.environment:episode 27/100 began
INFO:__main__:running scheduled inference
WARNING:__main__:model not ready, not running inference
INFO:reinforce.environment:

        episode 27/100 done
        loss:            -0.0967
        model portfolio: -0.1979%
        buy and hold:    +1.2812%
        
INFO:reinforce.environment:episode 28/100 began
INFO:reinforce.environment:

        episode 28/100 done
        loss:            -0.9016
        model portfolio: +0.9066%
        buy and hold:    +1.2812%
        
INFO:reinforce.environment:episode 29/100 began
INFO:__main__:running scheduled inference
WARNING:__main__:model not ready, not running inference
INFO:reinforce.environment:

        episode 29/100 done
        loss:            -1.7498
        model portfolio: +0.0006%
        buy and hold:    +1.2812%
        
INFO:reinforce.environment:episode 30/100 began
INFO:__main__:running scheduled inference
WARNING:__main__:model not ready, not running inference
INFO:reinforce.environment:

        episode 30/100 done
        loss:             1.5548
        model portfolio: +0.4931%
        buy and hold:    +1.2812%
        
INFO:reinforce.environment:episode 31/100 began
INFO:__main__:running scheduled inference
WARNING:__main__:model not ready, not running inference
INFO:reinforce.environment:

        episode 31/100 done
        loss:             0.4189
        model portfolio: 0.0000%
        buy and hold:    +1.2812%
        
INFO:reinforce.environment:episode 32/100 began
INFO:reinforce.environment:

        episode 32/100 done
        loss:            -0.8053
        model portfolio: -0.1445%
        buy and hold:    +1.2812%
        
INFO:reinforce.environment:episode 33/100 began
INFO:__main__:running scheduled inference
WARNING:__main__:model not ready, not running inference
INFO:reinforce.environment:

        episode 33/100 done
        loss:             0.2523
        model portfolio: +0.6695%
        buy and hold:    +1.2812%
        
INFO:reinforce.environment:episode 34/100 began
INFO:__main__:running scheduled inference
WARNING:__main__:model not ready, not running inference
INFO:reinforce.environment:

        episode 34/100 done
        loss:             0.5922
        model portfolio: +0.9519%
        buy and hold:    +1.2812%
        
INFO:reinforce.environment:episode 35/100 began
INFO:reinforce.environment:

        episode 35/100 done
        loss:            -0.5165
        model portfolio: -0.1202%
        buy and hold:    +1.2812%
        
INFO:__main__:running scheduled inference
WARNING:__main__:model not ready, not running inference
INFO:reinforce.environment:episode 36/100 began
INFO:reinforce.environment:

        episode 36/100 done
        loss:            -0.9208
        model portfolio: +0.6737%
        buy and hold:    +1.2812%
        
INFO:reinforce.environment:episode 37/100 began
INFO:__main__:running scheduled inference
WARNING:__main__:model not ready, not running inference
INFO:reinforce.environment:

        episode 37/100 done
        loss:            -0.1007
        model portfolio: +0.1549%
        buy and hold:    +1.2812%
        
INFO:reinforce.environment:episode 38/100 began
INFO:__main__:running scheduled inference
WARNING:__main__:model not ready, not running inference
INFO:reinforce.environment:

        episode 38/100 done
        loss:             0.0047
        model portfolio: +0.6918%
        buy and hold:    +1.2812%
        
INFO:reinforce.environment:episode 39/100 began
INFO:reinforce.environment:

        episode 39/100 done
        loss:            -0.5743
        model portfolio: +0.4390%
        buy and hold:    +1.2812%
        
INFO:reinforce.environment:episode 40/100 began
INFO:__main__:running scheduled inference
WARNING:__main__:model not ready, not running inference
INFO:reinforce.environment:

        episode 40/100 done
        loss:            -0.6745
        model portfolio: +1.3686%
        buy and hold:    +1.2812%
        
INFO:reinforce.environment:target reached, best episode achieved +1.3686%, exiting.
INFO:__main__:model updated successfully
INFO:__main__:running scheduled inference
INFO:__main__:running scheduled inference
INFO:__main__:running scheduled inference
INFO:__main__:running scheduled inference
INFO:__main__:running scheduled inference
INFO:__main__:running scheduled inference
INFO:__main__:running scheduled inference
INFO:__main__:running scheduled inference
INFO:__main__:running scheduled inference
INFO:__main__:running scheduled inference
INFO:__main__:running scheduled inference
INFO:__main__:running scheduled inference
INFO:__main__:running scheduled inference
INFO:__main__:running scheduled inference
INFO:__main__:running scheduled inference
INFO:__main__:running scheduled inference
INFO:__main__:running scheduled inference
INFO:__main__:running scheduled inference
INFO:__main__:running scheduled inference
INFO:__main__:running scheduled training
INFO:reinforce.environment:training starts
INFO:__main__:training started, thread id: <Thread(Thread-22 (_train), started 6411071488)>
INFO:reinforce.environment:episode 1/100 began
INFO:__main__:running scheduled inference
INFO:__main__:running scheduled inference
INFO:reinforce.environment:

        episode 1/100 done
        loss:             2.4806
        model portfolio: +1.0784%
        buy and hold:    +0.6184%
        
INFO:reinforce.environment:episode 2/100 began
INFO:__main__:running scheduled inference
INFO:__main__:running scheduled inference
INFO:reinforce.environment:

        episode 2/100 done
        loss:            -0.7579
        model portfolio: -1.5597%
        buy and hold:    +0.6184%
        
INFO:reinforce.environment:episode 3/100 began
INFO:__main__:running scheduled inference
INFO:reinforce.environment:

        episode 3/100 done
        loss:            -0.6259
        model portfolio: -1.4438%
        buy and hold:    +0.6184%
        
INFO:reinforce.environment:episode 4/100 began
INFO:__main__:running scheduled inference
INFO:__main__:running scheduled inference
INFO:reinforce.environment:

        episode 4/100 done
        loss:             0.2595
        model portfolio: +0.1469%
        buy and hold:    +0.6184%
        
INFO:reinforce.environment:episode 5/100 began
INFO:__main__:running scheduled inference
INFO:__main__:running scheduled inference
INFO:reinforce.environment:

        episode 5/100 done
        loss:            -0.3858
        model portfolio: +1.5544%
        buy and hold:    +0.6184%
        
INFO:reinforce.environment:episode 6/100 began
INFO:__main__:running scheduled inference
INFO:reinforce.environment:

        episode 6/100 done
        loss:            -1.1727
        model portfolio: +0.7766%
        buy and hold:    +0.6184%
        
INFO:reinforce.environment:episode 7/100 began
INFO:__main__:running scheduled inference
INFO:__main__:running scheduled inference
INFO:reinforce.environment:

        episode 7/100 done
        loss:             0.2156
        model portfolio: +0.5177%
        buy and hold:    +0.6184%
        
INFO:reinforce.environment:episode 8/100 began
INFO:__main__:running scheduled inference
INFO:reinforce.environment:

        episode 8/100 done
        loss:             0.6215
        model portfolio: +0.1304%
        buy and hold:    +0.6184%
        
INFO:reinforce.environment:episode 9/100 began
INFO:__main__:running scheduled inference
INFO:__main__:running scheduled inference
INFO:reinforce.environment:

        episode 9/100 done
        loss:             0.1539
        model portfolio: -0.4956%
        buy and hold:    +0.6184%
        
INFO:reinforce.environment:episode 10/100 began
INFO:__main__:running scheduled inference
INFO:reinforce.environment:

        episode 10/100 done
        loss:             0.3932
        model portfolio: -0.5999%
        buy and hold:    +0.6184%
        
INFO:reinforce.environment:episode 11/100 began
INFO:__main__:running scheduled inference
INFO:__main__:running scheduled inference
INFO:reinforce.environment:

        episode 11/100 done
        loss:             0.7490
        model portfolio: -0.9207%
        buy and hold:    +0.6184%
        
INFO:reinforce.environment:episode 12/100 began
INFO:__main__:running scheduled inference
INFO:reinforce.environment:

        episode 12/100 done
        loss:             0.0518
        model portfolio: +1.1360%
        buy and hold:    +0.6184%
        
INFO:reinforce.environment:target reached, best episode achieved +1.5544%, exiting.
INFO:__main__:model updated successfully
INFO:__main__:running scheduled inference
INFO:__main__:running scheduled inference
INFO:__main__:running scheduled inference
INFO:__main__:running scheduled inference
INFO:__main__:running scheduled inference
INFO:__main__:running scheduled inference
INFO:__main__:running scheduled inference
INFO:__main__:running scheduled inference
INFO:__main__:running scheduled inference
INFO:__main__:running scheduled inference
INFO:__main__:running scheduled inference
INFO:__main__:running scheduled inference
INFO:__main__:running scheduled inference
INFO:__main__:running scheduled inference
INFO:__main__:running scheduled inference
INFO:__main__:running scheduled inference
INFO:__main__:running scheduled inference
INFO:__main__:running scheduled inference
INFO:__main__:running scheduled inference
INFO:__main__:running scheduled inference
INFO:__main__:running scheduled inference
INFO:__main__:running scheduled inference
INFO:__main__:running scheduled inference
INFO:__main__:running scheduled inference
INFO:__main__:running scheduled inference
INFO:__main__:running scheduled inference
INFO:__main__:running scheduled inference
INFO:__main__:running scheduled inference
INFO:__main__:running scheduled inference
INFO:__main__:running scheduled inference
INFO:__main__:running scheduled inference
INFO:__main__:running scheduled training
INFO:reinforce.environment:training starts
INFO:__main__:training started, thread id: <Thread(Thread-73 (_train), started 13063188480)>
INFO:reinforce.environment:episode 1/100 began
INFO:__main__:running scheduled inference
INFO:__main__:running scheduled inference
INFO:__main__:running scheduled inference
INFO:reinforce.environment:

        episode 1/100 done
        loss:            -0.4588
        model portfolio: -0.2527%
        buy and hold:    -0.1484%
        
INFO:reinforce.environment:episode 2/100 began
INFO:__main__:running scheduled inference
INFO:__main__:running scheduled inference
INFO:reinforce.environment:

        episode 2/100 done
        loss:            -0.2274
        model portfolio: +0.1474%
        buy and hold:    -0.1484%
        
INFO:reinforce.environment:episode 3/100 began
INFO:__main__:running scheduled inference
INFO:__main__:running scheduled inference
INFO:__main__:running scheduled inference
INFO:reinforce.environment:

        episode 3/100 done
        loss:            -1.8925
        model portfolio: +0.2186%
        buy and hold:    -0.1484%
        
INFO:reinforce.environment:episode 4/100 began
INFO:__main__:running scheduled inference
INFO:__main__:running scheduled inference
INFO:reinforce.environment:

        episode 4/100 done
        loss:             1.0361
        model portfolio: +0.4634%
        buy and hold:    -0.1484%
        
INFO:reinforce.environment:episode 5/100 began
INFO:__main__:running scheduled inference
INFO:__main__:running scheduled inference
INFO:__main__:running scheduled inference
INFO:reinforce.environment:

        episode 5/100 done
        loss:             0.6466
        model portfolio: +0.1136%
        buy and hold:    -0.1484%
        
INFO:reinforce.environment:episode 6/100 began
INFO:__main__:running scheduled inference
INFO:__main__:running scheduled inference
INFO:reinforce.environment:

        episode 6/100 done
        loss:            -0.5450
        model portfolio: -1.2181%
        buy and hold:    -0.1484%
        
INFO:reinforce.environment:episode 7/100 began
INFO:__main__:running scheduled inference
INFO:__main__:running scheduled inference
INFO:__main__:running scheduled inference
INFO:reinforce.environment:

        episode 7/100 done
        loss:             0.1736
        model portfolio: +0.9635%
        buy and hold:    -0.1484%
        
INFO:reinforce.environment:episode 8/100 began
INFO:__main__:running scheduled inference
INFO:__main__:running scheduled inference
INFO:reinforce.environment:

        episode 8/100 done
        loss:            -2.3472
        model portfolio: +0.6567%
        buy and hold:    -0.1484%
        
INFO:reinforce.environment:episode 9/100 began
INFO:__main__:running scheduled inference
INFO:__main__:running scheduled inference
INFO:reinforce.environment:

        episode 9/100 done
        loss:             0.1926
        model portfolio: -0.0765%
        buy and hold:    -0.1484%
        
INFO:__main__:running scheduled inference
INFO:reinforce.environment:episode 10/100 began
INFO:__main__:running scheduled inference
INFO:__main__:running scheduled inference
INFO:reinforce.environment:

        episode 10/100 done
        loss:             2.9616
        model portfolio: -0.1328%
        buy and hold:    -0.1484%
        
INFO:reinforce.environment:episode 11/100 began
INFO:__main__:running scheduled inference
INFO:__main__:running scheduled inference
INFO:__main__:running scheduled inference
INFO:reinforce.environment:

        episode 11/100 done
        loss:             1.2914
        model portfolio: +0.2333%
        buy and hold:    -0.1484%
        
INFO:reinforce.environment:target reached, best episode achieved +0.9635%, exiting.
INFO:__main__:model updated successfully
INFO:__main__:running scheduled inference
INFO:__main__:running scheduled inference
INFO:__main__:running scheduled inference
INFO:__main__:running scheduled inference
INFO:__main__:running scheduled inference
INFO:__main__:running scheduled inference
INFO:__main__:running scheduled inference
INFO:__main__:running scheduled inference
INFO:__main__:running scheduled inference
INFO:__main__:running scheduled inference
INFO:__main__:running scheduled inference
INFO:__main__:running scheduled inference
INFO:__main__:running scheduled inference
INFO:__main__:running scheduled inference
INFO:__main__:running scheduled inference
INFO:__main__:running scheduled inference
INFO:__main__:running scheduled inference
INFO:__main__:running scheduled inference
INFO:__main__:running scheduled inference
INFO:__main__:running scheduled inference
INFO:__main__:running scheduled inference
INFO:__main__:running scheduled inference
INFO:__main__:running scheduled training
INFO:reinforce.environment:training starts
INFO:__main__:training started, thread id: <Thread(Thread-124 (_train), started 13172387840)>
INFO:reinforce.environment:episode 1/100 began
INFO:__main__:running scheduled inference
INFO:__main__:running scheduled inference
INFO:__main__:running scheduled inference
INFO:__main__:running scheduled inference
INFO:reinforce.environment:

        episode 1/100 done
        loss:            -0.5422
        model portfolio: +0.9388%
        buy and hold:    -0.0693%
        
INFO:reinforce.environment:episode 2/100 began
INFO:__main__:running scheduled inference
INFO:__main__:running scheduled inference
INFO:__main__:running scheduled inference
INFO:reinforce.environment:

        episode 2/100 done
        loss:            -2.1616
        model portfolio: +0.6209%
        buy and hold:    -0.0693%
        
INFO:reinforce.environment:episode 3/100 began
INFO:__main__:running scheduled inference
INFO:__main__:running scheduled inference
INFO:__main__:running scheduled inference
INFO:__main__:running scheduled inference
INFO:reinforce.environment:

        episode 3/100 done
        loss:            -0.3544
        model portfolio: -0.9804%
        buy and hold:    -0.0693%
        
INFO:reinforce.environment:episode 4/100 began
INFO:__main__:running scheduled inference
INFO:__main__:running scheduled inference
INFO:__main__:running scheduled inference
INFO:reinforce.environment:

        episode 4/100 done
        loss:            -1.2339
        model portfolio: -0.1886%
        buy and hold:    -0.0693%
        
INFO:reinforce.environment:episode 5/100 began
INFO:__main__:running scheduled inference
INFO:__main__:running scheduled inference
INFO:__main__:running scheduled inference
INFO:reinforce.environment:

        episode 5/100 done
        loss:            -2.5693
        model portfolio: -0.9711%
        buy and hold:    -0.0693%
        
INFO:reinforce.environment:episode 6/100 began
INFO:__main__:running scheduled inference
INFO:__main__:running scheduled inference
INFO:__main__:running scheduled inference
INFO:reinforce.environment:

        episode 6/100 done
        loss:             2.3345
        model portfolio: -0.4145%
        buy and hold:    -0.0693%
        
INFO:reinforce.environment:episode 7/100 began
INFO:__main__:running scheduled inference
INFO:__main__:running scheduled inference
INFO:__main__:running scheduled inference
INFO:__main__:running scheduled inference
INFO:reinforce.environment:

        episode 7/100 done
        loss:             0.0800
        model portfolio: +0.6876%
        buy and hold:    -0.0693%
        
INFO:reinforce.environment:episode 8/100 began
INFO:__main__:running scheduled inference
INFO:__main__:running scheduled inference
INFO:__main__:running scheduled inference
INFO:reinforce.environment:

        episode 8/100 done
        loss:             2.5829
        model portfolio: +0.0267%
        buy and hold:    -0.0693%
        
INFO:reinforce.environment:episode 9/100 began
INFO:__main__:running scheduled inference
INFO:__main__:running scheduled inference
INFO:__main__:running scheduled inference
INFO:reinforce.environment:

        episode 9/100 done
        loss:            -0.3667
        model portfolio: +0.6094%
        buy and hold:    -0.0693%
        
INFO:reinforce.environment:episode 10/100 began
INFO:__main__:running scheduled inference
INFO:__main__:running scheduled inference
INFO:__main__:running scheduled inference
INFO:reinforce.environment:

        episode 10/100 done
        loss:            -1.3473
        model portfolio: -0.4090%
        buy and hold:    -0.0693%
        
INFO:reinforce.environment:episode 11/100 began
INFO:__main__:running scheduled inference
INFO:__main__:running scheduled inference
INFO:__main__:running scheduled inference
INFO:__main__:running scheduled inference
INFO:reinforce.environment:

        episode 11/100 done
        loss:             0.8177
        model portfolio: +0.0427%
        buy and hold:    -0.0693%
        
INFO:reinforce.environment:target reached, best episode achieved +0.9388%, exiting.
INFO:__main__:running scheduled inference
INFO:__main__:running scheduled inference
INFO:__main__:running scheduled inference
INFO:__main__:running scheduled inference
INFO:__main__:running scheduled inference
INFO:__main__:running scheduled inference
INFO:__main__:running scheduled inference
INFO:__main__:running scheduled inference
INFO:__main__:running scheduled inference
INFO:__main__:running scheduled inference
INFO:__main__:running scheduled inference
INFO:__main__:running scheduled inference
INFO:__main__:running scheduled inference
INFO:__main__:running scheduled training
INFO:reinforce.environment:training starts
INFO:__main__:training started, thread id: <Thread(Thread-175 (_train), started 13245640704)>
INFO:reinforce.environment:episode 1/100 began
INFO:__main__:running scheduled inference
INFO:__main__:running scheduled inference
INFO:__main__:running scheduled inference
INFO:__main__:running scheduled inference
INFO:__main__:running scheduled inference
INFO:reinforce.environment:

        episode 1/100 done
        loss:             0.3783
        model portfolio: +0.2143%
        buy and hold:    -1.7809%
        
INFO:reinforce.environment:episode 2/100 began
INFO:__main__:running scheduled inference
ERROR:__main__:
INFO:__main__:running scheduled inference
INFO:__main__:not live data, connecting to db data/examples/TQQQ.db
INFO:__main__:starting timer thread
INFO:reinforce.environment:training starts
INFO:__main__:training started, thread id: <Thread(Thread-2 (_train), started 6206320640)>
INFO:__main__:running scheduled inference
WARNING:__main__:model not ready, not running inference
INFO:reinforce.environment:episode 1/100 began
INFO:__main__:running scheduled inference
WARNING:__main__:model not ready, not running inference
INFO:reinforce.environment:

        episode 1/100 done
        loss:             0.5839
        model portfolio: +5.2548%
        buy and hold:    +11.1735%
        
INFO:reinforce.environment:episode 2/100 began
INFO:__main__:running scheduled inference
WARNING:__main__:model not ready, not running inference
ERROR:__main__:
INFO:reinforce.environment:

        episode 2/100 done
        loss:            -0.2525
        model portfolio: +3.0407%
        buy and hold:    +11.1735%
        
INFO:reinforce.environment:episode 3/100 began
INFO:__main__:running scheduled inference
WARNING:__main__:model not ready, not running inference
INFO:reinforce.environment:

        episode 3/100 done
        loss:             0.9679
        model portfolio: +2.1866%
        buy and hold:    +11.1735%
        
INFO:reinforce.environment:episode 4/100 began
INFO:__main__:running scheduled inference
WARNING:__main__:model not ready, not running inference
INFO:reinforce.environment:

        episode 4/100 done
        loss:             1.3464
        model portfolio: +3.6589%
        buy and hold:    +11.1735%
        
INFO:reinforce.environment:episode 5/100 began
INFO:reinforce.environment:

        episode 5/100 done
        loss:             0.2085
        model portfolio: +2.4025%
        buy and hold:    +11.1735%
        
INFO:reinforce.environment:episode 6/100 began
INFO:__main__:running scheduled inference
WARNING:__main__:model not ready, not running inference
INFO:reinforce.environment:

        episode 6/100 done
        loss:             0.2693
        model portfolio: +3.3155%
        buy and hold:    +11.1735%
        
INFO:reinforce.environment:episode 7/100 began
INFO:__main__:running scheduled inference
WARNING:__main__:model not ready, not running inference
INFO:reinforce.environment:

        episode 7/100 done
        loss:             0.6632
        model portfolio: 0.0000%
        buy and hold:    +11.1735%
        
INFO:reinforce.environment:episode 8/100 began
INFO:__main__:running scheduled inference
WARNING:__main__:model not ready, not running inference
INFO:reinforce.environment:

        episode 8/100 done
        loss:             1.1389
        model portfolio: +7.6206%
        buy and hold:    +11.1735%
        
INFO:reinforce.environment:episode 9/100 began
INFO:reinforce.environment:

        episode 9/100 done
        loss:             1.5720
        model portfolio: +2.9036%
        buy and hold:    +11.1735%
        
INFO:reinforce.environment:episode 10/100 began
INFO:__main__:running scheduled inference
WARNING:__main__:model not ready, not running inference
INFO:reinforce.environment:

        episode 10/100 done
        loss:            -0.0454
        model portfolio: 0.0000%
        buy and hold:    +11.1735%
        
INFO:reinforce.environment:episode 11/100 began
INFO:__main__:running scheduled inference
WARNING:__main__:model not ready, not running inference
INFO:reinforce.environment:

        episode 11/100 done
        loss:            -0.0005
        model portfolio: +4.1963%
        buy and hold:    +11.1735%
        
INFO:reinforce.environment:episode 12/100 began
INFO:reinforce.environment:

        episode 12/100 done
        loss:            -0.0848
        model portfolio: +1.9494%
        buy and hold:    +11.1735%
        
INFO:reinforce.environment:episode 13/100 began
INFO:__main__:running scheduled inference
WARNING:__main__:model not ready, not running inference
INFO:reinforce.environment:

        episode 13/100 done
        loss:             1.0437
        model portfolio: +5.8047%
        buy and hold:    +11.1735%
        
INFO:reinforce.environment:episode 14/100 began
INFO:__main__:running scheduled inference
WARNING:__main__:model not ready, not running inference
INFO:reinforce.environment:

        episode 14/100 done
        loss:            -0.3905
        model portfolio: 0.0000%
        buy and hold:    +11.1735%
        
INFO:reinforce.environment:episode 15/100 began
INFO:__main__:running scheduled inference
WARNING:__main__:model not ready, not running inference
INFO:reinforce.environment:

        episode 15/100 done
        loss:            -0.5970
        model portfolio: +1.7354%
        buy and hold:    +11.1735%
        
INFO:reinforce.environment:episode 16/100 began
INFO:reinforce.environment:

        episode 16/100 done
        loss:             1.4208
        model portfolio: +5.2864%
        buy and hold:    +11.1735%
        
INFO:reinforce.environment:episode 17/100 began
INFO:__main__:running scheduled inference
WARNING:__main__:model not ready, not running inference
INFO:reinforce.environment:

        episode 17/100 done
        loss:             1.5538
        model portfolio: +6.7477%
        buy and hold:    +11.1735%
        
INFO:reinforce.environment:episode 18/100 began
INFO:__main__:running scheduled inference
WARNING:__main__:model not ready, not running inference
INFO:reinforce.environment:

        episode 18/100 done
        loss:             0.5646
        model portfolio: +3.8672%
        buy and hold:    +11.1735%
        
INFO:reinforce.environment:episode 19/100 began
INFO:reinforce.environment:

        episode 19/100 done
        loss:             1.2063
        model portfolio: +5.3970%
        buy and hold:    +11.1735%
        
INFO:reinforce.environment:episode 20/100 began
INFO:__main__:running scheduled inference
WARNING:__main__:model not ready, not running inference
INFO:reinforce.environment:

        episode 20/100 done
        loss:             1.7619
        model portfolio: +9.4011%
        buy and hold:    +11.1735%
        
INFO:reinforce.environment:episode 21/100 began
INFO:__main__:running scheduled inference
WARNING:__main__:model not ready, not running inference
INFO:reinforce.environment:

        episode 21/100 done
        loss:            -0.0604
        model portfolio: 0.0000%
        buy and hold:    +11.1735%
        
INFO:reinforce.environment:episode 22/100 began
INFO:__main__:running scheduled inference
WARNING:__main__:model not ready, not running inference
INFO:reinforce.environment:

        episode 22/100 done
        loss:             0.2984
        model portfolio: 0.0000%
        buy and hold:    +11.1735%
        
INFO:reinforce.environment:episode 23/100 began
INFO:reinforce.environment:

        episode 23/100 done
        loss:             1.1956
        model portfolio: +3.9612%
        buy and hold:    +11.1735%
        
INFO:reinforce.environment:episode 24/100 began
INFO:__main__:running scheduled inference
WARNING:__main__:model not ready, not running inference
INFO:reinforce.environment:

        episode 24/100 done
        loss:            -0.1939
        model portfolio: 0.0000%
        buy and hold:    +11.1735%
        
INFO:reinforce.environment:episode 25/100 began
INFO:__main__:running scheduled inference
WARNING:__main__:model not ready, not running inference
INFO:reinforce.environment:

        episode 25/100 done
        loss:             1.1219
        model portfolio: +5.7324%
        buy and hold:    +11.1735%
        
INFO:reinforce.environment:episode 26/100 began
INFO:__main__:running scheduled inference
WARNING:__main__:model not ready, not running inference
INFO:reinforce.environment:

        episode 26/100 done
        loss:             1.0364
        model portfolio: +3.0891%
        buy and hold:    +11.1735%
        
INFO:reinforce.environment:episode 27/100 began
INFO:reinforce.environment:

        episode 27/100 done
        loss:             0.0566
        model portfolio: +3.5382%
        buy and hold:    +11.1735%
        
INFO:reinforce.environment:episode 28/100 began
INFO:__main__:running scheduled inference
WARNING:__main__:model not ready, not running inference
INFO:reinforce.environment:

        episode 28/100 done
        loss:            -0.8038
        model portfolio: 0.0000%
        buy and hold:    +11.1735%
        
INFO:reinforce.environment:episode 29/100 began
INFO:__main__:running scheduled inference
WARNING:__main__:model not ready, not running inference
INFO:reinforce.environment:

        episode 29/100 done
        loss:             2.4022
        model portfolio: +6.2752%
        buy and hold:    +11.1735%
        
INFO:reinforce.environment:episode 30/100 began
INFO:__main__:running scheduled inference
WARNING:__main__:model not ready, not running inference
INFO:reinforce.environment:

        episode 30/100 done
        loss:             0.7268
        model portfolio: +2.3551%
        buy and hold:    +11.1735%
        
INFO:reinforce.environment:episode 31/100 began
INFO:reinforce.environment:

        episode 31/100 done
        loss:             1.6786
        model portfolio: +5.4323%
        buy and hold:    +11.1735%
        
INFO:reinforce.environment:episode 32/100 began
INFO:__main__:running scheduled inference
WARNING:__main__:model not ready, not running inference
INFO:reinforce.environment:

        episode 32/100 done
        loss:             2.3755
        model portfolio: +8.9266%
        buy and hold:    +11.1735%
        
INFO:reinforce.environment:episode 33/100 began
INFO:__main__:running scheduled inference
WARNING:__main__:model not ready, not running inference
INFO:reinforce.environment:

        episode 33/100 done
        loss:            -0.5747
        model portfolio: +2.8862%
        buy and hold:    +11.1735%
        
INFO:reinforce.environment:episode 34/100 began
INFO:reinforce.environment:

        episode 34/100 done
        loss:            -0.1967
        model portfolio: 0.0000%
        buy and hold:    +11.1735%
        
INFO:reinforce.environment:episode 35/100 began
INFO:__main__:running scheduled inference
WARNING:__main__:model not ready, not running inference
INFO:reinforce.environment:

        episode 35/100 done
        loss:             0.9004
        model portfolio: +2.9378%
        buy and hold:    +11.1735%
        
INFO:reinforce.environment:episode 36/100 began
INFO:__main__:running scheduled inference
WARNING:__main__:model not ready, not running inference
INFO:reinforce.environment:

        episode 36/100 done
        loss:             1.3176
        model portfolio: +4.7964%
        buy and hold:    +11.1735%
        
INFO:reinforce.environment:episode 37/100 began
INFO:__main__:running scheduled inference
WARNING:__main__:model not ready, not running inference
INFO:reinforce.environment:

        episode 37/100 done
        loss:            -1.2812
        model portfolio: -1.6966%
        buy and hold:    +11.1735%
        
INFO:reinforce.environment:episode 38/100 began
INFO:reinforce.environment:

        episode 38/100 done
        loss:             0.6902
        model portfolio: +5.2858%
        buy and hold:    +11.1735%
        
INFO:reinforce.environment:episode 39/100 began
INFO:__main__:running scheduled inference
WARNING:__main__:model not ready, not running inference
INFO:reinforce.environment:

        episode 39/100 done
        loss:            -0.0732
        model portfolio: +0.4519%
        buy and hold:    +11.1735%
        
INFO:reinforce.environment:episode 40/100 began
INFO:__main__:running scheduled inference
WARNING:__main__:model not ready, not running inference
INFO:reinforce.environment:

        episode 40/100 done
        loss:             1.9142
        model portfolio: +5.0470%
        buy and hold:    +11.1735%
        
INFO:reinforce.environment:episode 41/100 began
INFO:__main__:running scheduled inference
WARNING:__main__:model not ready, not running inference
INFO:reinforce.environment:

        episode 41/100 done
        loss:             0.4638
        model portfolio: +2.4319%
        buy and hold:    +11.1735%
        
INFO:reinforce.environment:episode 42/100 began
INFO:reinforce.environment:

        episode 42/100 done
        loss:            -0.5155
        model portfolio: -0.3999%
        buy and hold:    +11.1735%
        
INFO:reinforce.environment:episode 43/100 began
INFO:__main__:running scheduled inference
WARNING:__main__:model not ready, not running inference
INFO:reinforce.environment:

        episode 43/100 done
        loss:             1.6320
        model portfolio: +5.6919%
        buy and hold:    +11.1735%
        
INFO:reinforce.environment:episode 44/100 began
INFO:__main__:running scheduled inference
WARNING:__main__:model not ready, not running inference
INFO:reinforce.environment:

        episode 44/100 done
        loss:             0.5314
        model portfolio: 0.0000%
        buy and hold:    +11.1735%
        
INFO:reinforce.environment:episode 45/100 began
INFO:__main__:running scheduled inference
WARNING:__main__:model not ready, not running inference
INFO:reinforce.environment:

        episode 45/100 done
        loss:            -0.0656
        model portfolio: 0.0000%
        buy and hold:    +11.1735%
        
INFO:reinforce.environment:episode 46/100 began
INFO:reinforce.environment:

        episode 46/100 done
        loss:            -0.2041
        model portfolio: 0.0000%
        buy and hold:    +11.1735%
        
INFO:reinforce.environment:episode 47/100 began
INFO:__main__:running scheduled inference
WARNING:__main__:model not ready, not running inference
INFO:reinforce.environment:

        episode 47/100 done
        loss:            -0.3283
        model portfolio: +1.4639%
        buy and hold:    +11.1735%
        
INFO:reinforce.environment:episode 48/100 began
INFO:__main__:running scheduled inference
WARNING:__main__:model not ready, not running inference
INFO:reinforce.environment:

        episode 48/100 done
        loss:             0.2105
        model portfolio: +2.1848%
        buy and hold:    +11.1735%
        
INFO:reinforce.environment:episode 49/100 began
INFO:reinforce.environment:

        episode 49/100 done
        loss:            -0.0606
        model portfolio: +1.1217%
        buy and hold:    +11.1735%
        
INFO:reinforce.environment:episode 50/100 began
INFO:__main__:running scheduled inference
WARNING:__main__:model not ready, not running inference
INFO:reinforce.environment:

        episode 50/100 done
        loss:             1.7045
        model portfolio: +5.1552%
        buy and hold:    +11.1735%
        
INFO:reinforce.environment:episode 51/100 began
INFO:__main__:running scheduled inference
WARNING:__main__:model not ready, not running inference
INFO:reinforce.environment:

        episode 51/100 done
        loss:             1.2419
        model portfolio: +3.6322%
        buy and hold:    +11.1735%
        
INFO:reinforce.environment:episode 52/100 began
INFO:__main__:running scheduled inference
WARNING:__main__:model not ready, not running inference
INFO:reinforce.environment:

        episode 52/100 done
        loss:             1.3138
        model portfolio: +5.4558%
        buy and hold:    +11.1735%
        
INFO:reinforce.environment:episode 53/100 began
INFO:reinforce.environment:

        episode 53/100 done
        loss:            -0.2696
        model portfolio: 0.0000%
        buy and hold:    +11.1735%
        
INFO:reinforce.environment:episode 54/100 began
INFO:__main__:running scheduled inference
WARNING:__main__:model not ready, not running inference
INFO:reinforce.environment:

        episode 54/100 done
        loss:            -0.2149
        model portfolio: 0.0000%
        buy and hold:    +11.1735%
        
INFO:reinforce.environment:episode 55/100 began
INFO:__main__:running scheduled inference
WARNING:__main__:model not ready, not running inference
INFO:reinforce.environment:

        episode 55/100 done
        loss:             0.3631
        model portfolio: 0.0000%
        buy and hold:    +11.1735%
        
INFO:reinforce.environment:episode 56/100 began
INFO:__main__:running scheduled inference
WARNING:__main__:model not ready, not running inference
INFO:reinforce.environment:

        episode 56/100 done
        loss:             0.6259
        model portfolio: +2.4025%
        buy and hold:    +11.1735%
        
INFO:reinforce.environment:episode 57/100 began
INFO:reinforce.environment:

        episode 57/100 done
        loss:             1.2194
        model portfolio: +3.8566%
        buy and hold:    +11.1735%
        
INFO:reinforce.environment:episode 58/100 began
INFO:__main__:running scheduled inference
WARNING:__main__:model not ready, not running inference
INFO:reinforce.environment:

        episode 58/100 done
        loss:             2.7979
        model portfolio: +8.1474%
        buy and hold:    +11.1735%
        
INFO:reinforce.environment:episode 59/100 began
INFO:__main__:running scheduled inference
WARNING:__main__:model not ready, not running inference
INFO:reinforce.environment:

        episode 59/100 done
        loss:             2.5890
        model portfolio: +7.1973%
        buy and hold:    +11.1735%
        
INFO:reinforce.environment:episode 60/100 began
INFO:__main__:running scheduled inference
WARNING:__main__:model not ready, not running inference
INFO:reinforce.environment:

        episode 60/100 done
        loss:             0.1514
        model portfolio: 0.0000%
        buy and hold:    +11.1735%
        
INFO:reinforce.environment:episode 61/100 began
INFO:reinforce.environment:

        episode 61/100 done
        loss:            -0.2896
        model portfolio: +1.5988%
        buy and hold:    +11.1735%
        
INFO:__main__:running scheduled inference
WARNING:__main__:model not ready, not running inference
INFO:reinforce.environment:episode 62/100 began
INFO:reinforce.environment:

        episode 62/100 done
        loss:             0.0625
        model portfolio: 0.0000%
        buy and hold:    +11.1735%
        
INFO:reinforce.environment:episode 63/100 began
INFO:__main__:running scheduled inference
WARNING:__main__:model not ready, not running inference
INFO:reinforce.environment:

        episode 63/100 done
        loss:            -0.6654
        model portfolio: +0.7033%
        buy and hold:    +11.1735%
        
INFO:reinforce.environment:episode 64/100 began
INFO:__main__:running scheduled inference
WARNING:__main__:model not ready, not running inference
INFO:reinforce.environment:

        episode 64/100 done
        loss:             0.0321
        model portfolio: +0.3018%
        buy and hold:    +11.1735%
        
INFO:reinforce.environment:episode 65/100 began
INFO:__main__:running scheduled inference
WARNING:__main__:model not ready, not running inference
INFO:reinforce.environment:

        episode 65/100 done
        loss:             0.7098
        model portfolio: +2.1453%
        buy and hold:    +11.1735%
        
INFO:reinforce.environment:episode 66/100 began
INFO:reinforce.environment:

        episode 66/100 done
        loss:             1.7270
        model portfolio: +5.6876%
        buy and hold:    +11.1735%
        
INFO:reinforce.environment:episode 67/100 began
INFO:__main__:running scheduled training
INFO:__main__:there is another training thread running, wait for it to finish first
INFO:__main__:running scheduled inference
WARNING:__main__:model not ready, not running inference
INFO:reinforce.environment:

        episode 67/100 done
        loss:             1.9522
        model portfolio: +7.7512%
        buy and hold:    +11.1735%
        
INFO:reinforce.environment:episode 68/100 began
INFO:__main__:running scheduled inference
WARNING:__main__:model not ready, not running inference
INFO:reinforce.environment:

        episode 68/100 done
        loss:             0.9108
        model portfolio: +2.1449%
        buy and hold:    +11.1735%
        
INFO:reinforce.environment:episode 69/100 began
INFO:__main__:running scheduled inference
WARNING:__main__:model not ready, not running inference
INFO:reinforce.environment:

        episode 69/100 done
        loss:             0.6426
        model portfolio: +3.8136%
        buy and hold:    +11.1735%
        
INFO:reinforce.environment:episode 70/100 began
INFO:__main__:running scheduled inference
WARNING:__main__:model not ready, not running inference
INFO:reinforce.environment:

        episode 70/100 done
        loss:            -0.0798
        model portfolio: 0.0000%
        buy and hold:    +11.1735%
        
INFO:reinforce.environment:episode 71/100 began
INFO:reinforce.environment:

        episode 71/100 done
        loss:             1.7677
        model portfolio: +8.2910%
        buy and hold:    +11.1735%
        
INFO:reinforce.environment:episode 72/100 began
INFO:__main__:running scheduled inference
WARNING:__main__:model not ready, not running inference
INFO:reinforce.environment:

        episode 72/100 done
        loss:             0.1088
        model portfolio: +1.3369%
        buy and hold:    +11.1735%
        
INFO:reinforce.environment:episode 73/100 began
INFO:__main__:running scheduled inference
WARNING:__main__:model not ready, not running inference
INFO:reinforce.environment:

        episode 73/100 done
        loss:             0.2304
        model portfolio: 0.0000%
        buy and hold:    +11.1735%
        
INFO:reinforce.environment:episode 74/100 began
INFO:__main__:running scheduled inference
WARNING:__main__:model not ready, not running inference
INFO:reinforce.environment:

        episode 74/100 done
        loss:             1.7841
        model portfolio: +7.5957%
        buy and hold:    +11.1735%
        
INFO:reinforce.environment:episode 75/100 began
INFO:reinforce.environment:

        episode 75/100 done
        loss:             0.9565
        model portfolio: +2.6705%
        buy and hold:    +11.1735%
        
INFO:reinforce.environment:episode 76/100 began
INFO:__main__:running scheduled inference
WARNING:__main__:model not ready, not running inference
INFO:reinforce.environment:

        episode 76/100 done
        loss:            -0.7845
        model portfolio: -0.7414%
        buy and hold:    +11.1735%
        
INFO:reinforce.environment:episode 77/100 began
INFO:__main__:running scheduled inference
WARNING:__main__:model not ready, not running inference
INFO:reinforce.environment:

        episode 77/100 done
        loss:             1.1614
        model portfolio: +5.0346%
        buy and hold:    +11.1735%
        
INFO:reinforce.environment:episode 78/100 began
INFO:__main__:running scheduled inference
WARNING:__main__:model not ready, not running inference
INFO:reinforce.environment:

        episode 78/100 done
        loss:             2.1563
        model portfolio: +7.6331%
        buy and hold:    +11.1735%
        
INFO:reinforce.environment:episode 79/100 began
INFO:__main__:running scheduled inference
WARNING:__main__:model not ready, not running inference
INFO:reinforce.environment:

        episode 79/100 done
        loss:            -0.0602
        model portfolio: 0.0000%
        buy and hold:    +11.1735%
        
INFO:reinforce.environment:episode 80/100 began
INFO:reinforce.environment:

        episode 80/100 done
        loss:            -0.6960
        model portfolio: 0.0000%
        buy and hold:    +11.1735%
        
INFO:reinforce.environment:episode 81/100 began
INFO:__main__:running scheduled inference
WARNING:__main__:model not ready, not running inference
INFO:reinforce.environment:

        episode 81/100 done
        loss:             1.0118
        model portfolio: +2.8065%
        buy and hold:    +11.1735%
        
INFO:reinforce.environment:episode 82/100 began
INFO:__main__:running scheduled inference
WARNING:__main__:model not ready, not running inference
INFO:reinforce.environment:

        episode 82/100 done
        loss:            -0.8298
        model portfolio: 0.0000%
        buy and hold:    +11.1735%
        
INFO:reinforce.environment:episode 83/100 began
INFO:__main__:running scheduled inference
WARNING:__main__:model not ready, not running inference
INFO:reinforce.environment:

        episode 83/100 done
        loss:            -0.0003
        model portfolio: +0.6972%
        buy and hold:    +11.1735%
        
INFO:reinforce.environment:episode 84/100 began
INFO:reinforce.environment:

        episode 84/100 done
        loss:             0.1676
        model portfolio: +2.5019%
        buy and hold:    +11.1735%
        
INFO:reinforce.environment:episode 85/100 began
INFO:__main__:running scheduled inference
WARNING:__main__:model not ready, not running inference
INFO:reinforce.environment:

        episode 85/100 done
        loss:            -0.0629
        model portfolio: +3.5290%
        buy and hold:    +11.1735%
        
INFO:reinforce.environment:episode 86/100 began
INFO:__main__:running scheduled inference
WARNING:__main__:model not ready, not running inference
INFO:reinforce.environment:

        episode 86/100 done
        loss:             0.5263
        model portfolio: +1.7771%
        buy and hold:    +11.1735%
        
INFO:reinforce.environment:episode 87/100 began
INFO:__main__:running scheduled inference
WARNING:__main__:model not ready, not running inference
INFO:reinforce.environment:

        episode 87/100 done
        loss:             0.8242
        model portfolio: +3.2303%
        buy and hold:    +11.1735%
        
INFO:reinforce.environment:episode 88/100 began
INFO:__main__:running scheduled inference
WARNING:__main__:model not ready, not running inference
INFO:reinforce.environment:

        episode 88/100 done
        loss:             1.7200
        model portfolio: +4.3151%
        buy and hold:    +11.1735%
        
INFO:reinforce.environment:episode 89/100 began
INFO:reinforce.environment:

        episode 89/100 done
        loss:             0.1827
        model portfolio: 0.0000%
        buy and hold:    +11.1735%
        
INFO:reinforce.environment:episode 90/100 began
INFO:__main__:running scheduled inference
WARNING:__main__:model not ready, not running inference
INFO:reinforce.environment:

        episode 90/100 done
        loss:             0.4511
        model portfolio: +2.7647%
        buy and hold:    +11.1735%
        
INFO:reinforce.environment:episode 91/100 began
INFO:__main__:running scheduled inference
WARNING:__main__:model not ready, not running inference
INFO:reinforce.environment:

        episode 91/100 done
        loss:             0.7891
        model portfolio: +4.3460%
        buy and hold:    +11.1735%
        
INFO:reinforce.environment:episode 92/100 began
INFO:__main__:running scheduled inference
WARNING:__main__:model not ready, not running inference
INFO:reinforce.environment:

        episode 92/100 done
        loss:             0.9345
        model portfolio: +2.0085%
        buy and hold:    +11.1735%
        
INFO:reinforce.environment:episode 93/100 began
INFO:reinforce.environment:

        episode 93/100 done
        loss:            -0.7925
        model portfolio: 0.0000%
        buy and hold:    +11.1735%
        
INFO:reinforce.environment:episode 94/100 began
INFO:__main__:running scheduled inference
WARNING:__main__:model not ready, not running inference
INFO:reinforce.environment:

        episode 94/100 done
        loss:             1.4664
        model portfolio: +7.3631%
        buy and hold:    +11.1735%
        
INFO:reinforce.environment:episode 95/100 began
INFO:__main__:running scheduled inference
WARNING:__main__:model not ready, not running inference
INFO:reinforce.environment:

        episode 95/100 done
        loss:             1.0235
        model portfolio: +3.8910%
        buy and hold:    +11.1735%
        
INFO:reinforce.environment:episode 96/100 began
INFO:__main__:running scheduled inference
WARNING:__main__:model not ready, not running inference
INFO:reinforce.environment:

        episode 96/100 done
        loss:             1.8793
        model portfolio: +7.0180%
        buy and hold:    +11.1735%
        
INFO:reinforce.environment:episode 97/100 began
INFO:reinforce.environment:

        episode 97/100 done
        loss:             2.4669
        model portfolio: +9.3595%
        buy and hold:    +11.1735%
        
INFO:reinforce.environment:episode 98/100 began
INFO:__main__:running scheduled inference
WARNING:__main__:model not ready, not running inference
INFO:reinforce.environment:

        episode 98/100 done
        loss:            -0.2395
        model portfolio: 0.0000%
        buy and hold:    +11.1735%
        
INFO:reinforce.environment:episode 99/100 began
INFO:__main__:running scheduled inference
WARNING:__main__:model not ready, not running inference
INFO:reinforce.environment:

        episode 99/100 done
        loss:            -0.0029
        model portfolio: +2.9354%
        buy and hold:    +11.1735%
        
INFO:reinforce.environment:episode 100/100 began
INFO:__main__:running scheduled inference
WARNING:__main__:model not ready, not running inference
INFO:reinforce.environment:

        episode 100/100 done
        loss:            -0.4035
        model portfolio: +0.1311%
        buy and hold:    +11.1735%
        
INFO:reinforce.environment:training complete, best episode achieved +9.4011%
INFO:__main__:model updated successfully
INFO:__main__:running scheduled inference
INFO:__main__:running scheduled inference
INFO:__main__:running scheduled inference
INFO:__main__:running scheduled inference
INFO:__main__:running scheduled inference
INFO:__main__:running scheduled inference
INFO:__main__:running scheduled inference
INFO:__main__:running scheduled inference
INFO:__main__:running scheduled inference
INFO:__main__:running scheduled inference
INFO:__main__:running scheduled inference
INFO:__main__:running scheduled inference
INFO:__main__:running scheduled inference
INFO:__main__:running scheduled inference
INFO:__main__:running scheduled inference
INFO:__main__:running scheduled inference
INFO:__main__:running scheduled inference
INFO:__main__:running scheduled inference
INFO:__main__:running scheduled inference
INFO:__main__:running scheduled inference
INFO:__main__:running scheduled inference
INFO:__main__:running scheduled inference
INFO:__main__:running scheduled inference
INFO:__main__:running scheduled training
INFO:reinforce.environment:training starts
INFO:__main__:training started, thread id: <Thread(Thread-26 (_train), started 6274772992)>
INFO:reinforce.environment:episode 1/100 began
INFO:__main__:running scheduled inference
INFO:__main__:running scheduled inference
INFO:__main__:running scheduled inference
INFO:reinforce.environment:

        episode 1/100 done
        loss:             7.4052
        model portfolio: +8.9584%
        buy and hold:    +17.7007%
        
INFO:reinforce.environment:episode 2/100 began
INFO:__main__:running scheduled inference
INFO:__main__:running scheduled inference
INFO:reinforce.environment:

        episode 2/100 done
        loss:             2.8233
        model portfolio: +3.5156%
        buy and hold:    +17.7007%
        
INFO:reinforce.environment:episode 3/100 began
INFO:__main__:running scheduled inference
INFO:__main__:running scheduled inference
INFO:__main__:running scheduled inference
INFO:reinforce.environment:

        episode 3/100 done
        loss:             4.3325
        model portfolio: +4.8497%
        buy and hold:    +17.7007%
        
INFO:reinforce.environment:episode 4/100 began
INFO:__main__:running scheduled inference
INFO:__main__:running scheduled inference
INFO:reinforce.environment:

        episode 4/100 done
        loss:             1.8572
        model portfolio: +1.9705%
        buy and hold:    +17.7007%
        
INFO:reinforce.environment:episode 5/100 began
INFO:__main__:running scheduled inference
INFO:__main__:running scheduled inference
INFO:reinforce.environment:

        episode 5/100 done
        loss:             8.2760
        model portfolio: +10.0691%
        buy and hold:    +17.7007%
        
INFO:reinforce.environment:episode 6/100 began
INFO:__main__:running scheduled inference
INFO:__main__:running scheduled inference
INFO:__main__:running scheduled inference
INFO:reinforce.environment:

        episode 6/100 done
        loss:             4.0708
        model portfolio: +6.6154%
        buy and hold:    +17.7007%
        
INFO:reinforce.environment:episode 7/100 began
INFO:__main__:running scheduled inference
INFO:__main__:running scheduled inference
INFO:reinforce.environment:

        episode 7/100 done
        loss:             0.9738
        model portfolio: +0.7271%
        buy and hold:    +17.7007%
        
INFO:reinforce.environment:episode 8/100 began
INFO:__main__:running scheduled inference
INFO:__main__:running scheduled inference
INFO:reinforce.environment:

        episode 8/100 done
        loss:             3.7106
        model portfolio: +3.9381%
        buy and hold:    +17.7007%
        
INFO:reinforce.environment:episode 9/100 began
INFO:__main__:running scheduled inference
INFO:__main__:running scheduled inference
INFO:reinforce.environment:

        episode 9/100 done
        loss:             0.6853
        model portfolio: +1.5093%
        buy and hold:    +17.7007%
        
INFO:reinforce.environment:episode 10/100 began
INFO:__main__:running scheduled inference
INFO:__main__:running scheduled inference
INFO:__main__:running scheduled inference
INFO:reinforce.environment:

        episode 10/100 done
        loss:             2.5968
        model portfolio: +2.1864%
        buy and hold:    +17.7007%
        
INFO:reinforce.environment:episode 11/100 began
INFO:__main__:running scheduled inference
INFO:__main__:running scheduled inference
INFO:reinforce.environment:

        episode 11/100 done
        loss:             6.2274
        model portfolio: +6.5808%
        buy and hold:    +17.7007%
        
INFO:reinforce.environment:episode 12/100 began
INFO:__main__:running scheduled inference
INFO:__main__:running scheduled inference
INFO:reinforce.environment:

        episode 12/100 done
        loss:            -1.3946
        model portfolio: -1.0490%
        buy and hold:    +17.7007%
        
INFO:__main__:running scheduled inference
INFO:reinforce.environment:episode 13/100 began
INFO:__main__:running scheduled inference
INFO:__main__:running scheduled inference
INFO:reinforce.environment:

        episode 13/100 done
        loss:             2.0038
        model portfolio: +2.9647%
        buy and hold:    +17.7007%
        
INFO:reinforce.environment:episode 14/100 began
INFO:__main__:running scheduled inference
INFO:__main__:running scheduled inference
INFO:reinforce.environment:

        episode 14/100 done
        loss:             2.2439
        model portfolio: +2.5008%
        buy and hold:    +17.7007%
        
INFO:reinforce.environment:episode 15/100 began
INFO:__main__:running scheduled inference
INFO:__main__:running scheduled inference
INFO:reinforce.environment:

        episode 15/100 done
        loss:             5.8540
        model portfolio: +6.6193%
        buy and hold:    +17.7007%
        
INFO:reinforce.environment:episode 16/100 began
INFO:__main__:running scheduled inference
INFO:__main__:running scheduled inference
INFO:__main__:running scheduled inference
INFO:reinforce.environment:

        episode 16/100 done
        loss:             1.8677
        model portfolio: +1.6803%
        buy and hold:    +17.7007%
        
INFO:reinforce.environment:episode 17/100 began
INFO:__main__:running scheduled inference
INFO:__main__:running scheduled inference
INFO:reinforce.environment:

        episode 17/100 done
        loss:             3.2909
        model portfolio: +3.4892%
        buy and hold:    +17.7007%
        
INFO:reinforce.environment:episode 18/100 began
INFO:__main__:running scheduled inference
INFO:__main__:running scheduled inference
INFO:reinforce.environment:

        episode 18/100 done
        loss:             4.3443
        model portfolio: +5.5593%
        buy and hold:    +17.7007%
        
INFO:reinforce.environment:episode 19/100 began
INFO:__main__:running scheduled inference
INFO:__main__:running scheduled inference
INFO:__main__:running scheduled inference
INFO:reinforce.environment:

        episode 19/100 done
        loss:             1.7572
        model portfolio: +2.5995%
        buy and hold:    +17.7007%
        
INFO:reinforce.environment:episode 20/100 began
INFO:__main__:running scheduled inference
INFO:__main__:running scheduled inference
INFO:reinforce.environment:

        episode 20/100 done
        loss:             8.5261
        model portfolio: +12.2521%
        buy and hold:    +17.7007%
        
INFO:reinforce.environment:episode 21/100 began
INFO:__main__:running scheduled inference
INFO:__main__:running scheduled inference
INFO:reinforce.environment:

        episode 21/100 done
        loss:             1.8194
        model portfolio: +2.5618%
        buy and hold:    +17.7007%
        
INFO:reinforce.environment:episode 22/100 began
INFO:__main__:running scheduled inference
INFO:__main__:running scheduled training
INFO:__main__:there is another training thread running, wait for it to finish first
INFO:__main__:running scheduled inference
INFO:__main__:running scheduled inference
INFO:reinforce.environment:

        episode 22/100 done
        loss:            -1.2570
        model portfolio: -1.7477%
        buy and hold:    +17.7007%
        
INFO:reinforce.environment:episode 23/100 began
INFO:__main__:running scheduled inference
INFO:__main__:running scheduled inference
INFO:reinforce.environment:

        episode 23/100 done
        loss:             5.5592
        model portfolio: +7.6466%
        buy and hold:    +17.7007%
        
INFO:reinforce.environment:episode 24/100 began
INFO:__main__:running scheduled inference
INFO:__main__:running scheduled inference
INFO:reinforce.environment:

        episode 24/100 done
        loss:             1.4373
        model portfolio: +1.9319%
        buy and hold:    +17.7007%
        
INFO:reinforce.environment:episode 25/100 began
INFO:__main__:running scheduled inference
INFO:__main__:running scheduled inference
INFO:__main__:running scheduled inference
INFO:reinforce.environment:

        episode 25/100 done
        loss:             4.4199
        model portfolio: +5.9414%
        buy and hold:    +17.7007%
        
INFO:reinforce.environment:episode 26/100 began
INFO:__main__:running scheduled inference
INFO:__main__:running scheduled inference
INFO:reinforce.environment:

        episode 26/100 done
        loss:             1.8223
        model portfolio: +3.3128%
        buy and hold:    +17.7007%
        
INFO:reinforce.environment:episode 27/100 began
INFO:__main__:running scheduled inference
INFO:__main__:running scheduled inference
INFO:reinforce.environment:

        episode 27/100 done
        loss:            -1.0178
        model portfolio: -0.1396%
        buy and hold:    +17.7007%
        
INFO:reinforce.environment:episode 28/100 began
INFO:__main__:running scheduled inference
INFO:__main__:running scheduled inference
INFO:__main__:running scheduled inference
INFO:reinforce.environment:

        episode 28/100 done
        loss:             1.7537
        model portfolio: +3.7174%
        buy and hold:    +17.7007%
        
INFO:reinforce.environment:episode 29/100 began
INFO:__main__:running scheduled inference
INFO:__main__:running scheduled inference
INFO:reinforce.environment:

        episode 29/100 done
        loss:             5.7261
        model portfolio: +7.0878%
        buy and hold:    +17.7007%
        
INFO:reinforce.environment:episode 30/100 began
INFO:__main__:running scheduled inference
INFO:__main__:running scheduled inference
INFO:reinforce.environment:

        episode 30/100 done
        loss:             0.8328
        model portfolio: +0.7493%
        buy and hold:    +17.7007%
        
INFO:reinforce.environment:episode 31/100 began
INFO:__main__:running scheduled inference
INFO:__main__:running scheduled inference
INFO:__main__:running scheduled inference
INFO:reinforce.environment:

        episode 31/100 done
        loss:             4.5280
        model portfolio: +5.2941%
        buy and hold:    +17.7007%
        
INFO:reinforce.environment:episode 32/100 began
INFO:__main__:running scheduled inference
INFO:__main__:running scheduled inference
INFO:reinforce.environment:

        episode 32/100 done
        loss:             5.0446
        model portfolio: +7.4892%
        buy and hold:    +17.7007%
        
INFO:reinforce.environment:episode 33/100 began
INFO:__main__:running scheduled inference
INFO:__main__:running scheduled inference
INFO:reinforce.environment:

        episode 33/100 done
        loss:             0.2883
        model portfolio: +0.6084%
        buy and hold:    +17.7007%
        
INFO:reinforce.environment:episode 34/100 began
INFO:__main__:running scheduled inference
INFO:__main__:running scheduled inference
INFO:__main__:running scheduled inference
INFO:reinforce.environment:

        episode 34/100 done
        loss:             4.6733
        model portfolio: +6.3581%
        buy and hold:    +17.7007%
        
INFO:reinforce.environment:episode 35/100 began
INFO:__main__:running scheduled inference
INFO:__main__:running scheduled inference
INFO:reinforce.environment:

        episode 35/100 done
        loss:             3.1471
        model portfolio: +3.9789%
        buy and hold:    +17.7007%
        
INFO:reinforce.environment:episode 36/100 began
INFO:__main__:running scheduled inference
INFO:__main__:running scheduled inference
INFO:reinforce.environment:

        episode 36/100 done
        loss:             4.8272
        model portfolio: +6.7906%
        buy and hold:    +17.7007%
        
INFO:reinforce.environment:episode 37/100 began
INFO:__main__:running scheduled inference
INFO:__main__:running scheduled inference
INFO:__main__:running scheduled inference
INFO:reinforce.environment:

        episode 37/100 done
        loss:             7.9804
        model portfolio: +9.4142%
        buy and hold:    +17.7007%
        
INFO:reinforce.environment:episode 38/100 began
INFO:__main__:running scheduled inference
INFO:__main__:running scheduled inference
INFO:reinforce.environment:

        episode 38/100 done
        loss:             1.1031
        model portfolio: +3.0523%
        buy and hold:    +17.7007%
        
INFO:reinforce.environment:episode 39/100 began
INFO:__main__:running scheduled inference
INFO:__main__:running scheduled inference
INFO:reinforce.environment:

        episode 39/100 done
        loss:            -2.8720
        model portfolio: -2.9621%
        buy and hold:    +17.7007%
        
INFO:reinforce.environment:episode 40/100 began
INFO:__main__:running scheduled inference
INFO:__main__:running scheduled inference
INFO:__main__:running scheduled inference
INFO:reinforce.environment:

        episode 40/100 done
        loss:             8.8739
        model portfolio: +12.1215%
        buy and hold:    +17.7007%
        
INFO:reinforce.environment:episode 41/100 began
INFO:__main__:running scheduled inference
INFO:__main__:running scheduled inference
INFO:reinforce.environment:

        episode 41/100 done
        loss:             6.4203
        model portfolio: +6.7676%
        buy and hold:    +17.7007%
        
INFO:reinforce.environment:episode 42/100 began
INFO:__main__:running scheduled inference
INFO:__main__:running scheduled inference
INFO:reinforce.environment:

        episode 42/100 done
        loss:             3.3789
        model portfolio: +5.6931%
        buy and hold:    +17.7007%
        
INFO:reinforce.environment:episode 43/100 began
INFO:__main__:running scheduled inference
INFO:__main__:running scheduled inference
INFO:__main__:running scheduled training
INFO:__main__:there is another training thread running, wait for it to finish first
INFO:__main__:running scheduled inference
INFO:reinforce.environment:

        episode 43/100 done
        loss:             4.7260
        model portfolio: +5.9723%
        buy and hold:    +17.7007%
        
INFO:reinforce.environment:episode 44/100 began
INFO:__main__:running scheduled inference
INFO:__main__:running scheduled inference
INFO:reinforce.environment:

        episode 44/100 done
        loss:             2.5257
        model portfolio: +3.4635%
        buy and hold:    +17.7007%
        
INFO:reinforce.environment:episode 45/100 began
INFO:__main__:running scheduled inference
INFO:__main__:running scheduled inference
INFO:reinforce.environment:

        episode 45/100 done
        loss:             2.7058
        model portfolio: +4.6303%
        buy and hold:    +17.7007%
        
INFO:reinforce.environment:episode 46/100 began
INFO:__main__:running scheduled inference
INFO:__main__:running scheduled inference
INFO:__main__:running scheduled inference
INFO:reinforce.environment:

        episode 46/100 done
        loss:             1.3158
        model portfolio: +3.2639%
        buy and hold:    +17.7007%
        
INFO:reinforce.environment:episode 47/100 began
INFO:__main__:running scheduled inference
INFO:__main__:running scheduled inference
INFO:reinforce.environment:

        episode 47/100 done
        loss:             2.7047
        model portfolio: +2.7140%
        buy and hold:    +17.7007%
        
INFO:reinforce.environment:episode 48/100 began
INFO:__main__:running scheduled inference
INFO:__main__:running scheduled inference
INFO:reinforce.environment:

        episode 48/100 done
        loss:             0.4730
        model portfolio: +1.2291%
        buy and hold:    +17.7007%
        
INFO:reinforce.environment:episode 49/100 began
INFO:__main__:running scheduled inference
INFO:__main__:running scheduled inference
INFO:__main__:running scheduled inference
INFO:reinforce.environment:

        episode 49/100 done
        loss:             6.5411
        model portfolio: +9.1608%
        buy and hold:    +17.7007%
        
INFO:reinforce.environment:episode 50/100 began
INFO:__main__:running scheduled inference
INFO:__main__:running scheduled inference
INFO:reinforce.environment:

        episode 50/100 done
        loss:             2.8941
        model portfolio: +3.5668%
        buy and hold:    +17.7007%
        
INFO:reinforce.environment:episode 51/100 began
INFO:__main__:running scheduled inference
INFO:__main__:running scheduled inference
INFO:reinforce.environment:

        episode 51/100 done
        loss:             2.7447
        model portfolio: +3.2574%
        buy and hold:    +17.7007%
        
INFO:reinforce.environment:episode 52/100 began
INFO:__main__:running scheduled inference
INFO:__main__:running scheduled inference
INFO:__main__:running scheduled inference
INFO:reinforce.environment:

        episode 52/100 done
        loss:            -0.1999
        model portfolio: +0.3057%
        buy and hold:    +17.7007%
        
INFO:reinforce.environment:episode 53/100 began
INFO:__main__:running scheduled inference
INFO:__main__:running scheduled inference
INFO:reinforce.environment:

        episode 53/100 done
        loss:             2.0084
        model portfolio: +2.4385%
        buy and hold:    +17.7007%
        
INFO:reinforce.environment:episode 54/100 began
INFO:__main__:running scheduled inference
INFO:__main__:running scheduled inference
INFO:reinforce.environment:

        episode 54/100 done
        loss:             1.4163
        model portfolio: +2.6476%
        buy and hold:    +17.7007%
        
INFO:reinforce.environment:episode 55/100 began
INFO:__main__:running scheduled inference
INFO:__main__:running scheduled inference
INFO:__main__:running scheduled inference
INFO:reinforce.environment:

        episode 55/100 done
        loss:             0.4084
        model portfolio: +1.2409%
        buy and hold:    +17.7007%
        
INFO:reinforce.environment:episode 56/100 began
INFO:__main__:running scheduled inference
INFO:__main__:running scheduled inference
INFO:reinforce.environment:

        episode 56/100 done
        loss:            -3.2095
        model portfolio: -3.1341%
        buy and hold:    +17.7007%
        
INFO:reinforce.environment:episode 57/100 began
INFO:__main__:running scheduled inference
INFO:__main__:running scheduled inference
INFO:reinforce.environment:

        episode 57/100 done
        loss:             6.1027
        model portfolio: +7.9360%
        buy and hold:    +17.7007%
        
INFO:reinforce.environment:episode 58/100 began
INFO:__main__:running scheduled inference
INFO:__main__:running scheduled inference
INFO:__main__:running scheduled inference
INFO:reinforce.environment:

        episode 58/100 done
        loss:             13.8083
        model portfolio: +19.4197%
        buy and hold:    +17.7007%
        
INFO:reinforce.environment:target reached, best episode achieved +19.4197%, exiting.
INFO:__main__:model updated successfully
INFO:__main__:running scheduled inference
INFO:__main__:running scheduled inference
INFO:__main__:running scheduled inference
INFO:__main__:running scheduled inference
INFO:__main__:running scheduled inference
INFO:__main__:running scheduled inference
INFO:__main__:running scheduled inference
INFO:__main__:running scheduled inference
INFO:__main__:running scheduled inference
INFO:__main__:running scheduled inference
INFO:__main__:running scheduled inference
INFO:__main__:running scheduled inference
INFO:__main__:running scheduled inference
INFO:__main__:running scheduled inference
INFO:__main__:running scheduled training
INFO:reinforce.environment:training starts
INFO:__main__:training started, thread id: <Thread(Thread-177 (_train), started 6266335232)>
INFO:reinforce.environment:episode 1/100 began
INFO:__main__:running scheduled inference
INFO:__main__:running scheduled inference
INFO:__main__:running scheduled inference
INFO:__main__:running scheduled inference
INFO:__main__:running scheduled inference
INFO:reinforce.environment:

        episode 1/100 done
        loss:             9.7940
        model portfolio: +5.2718%
        buy and hold:    +10.5357%
        
INFO:reinforce.environment:episode 2/100 began
INFO:__main__:running scheduled inference
INFO:__main__:running scheduled inference
INFO:__main__:running scheduled inference
INFO:__main__:running scheduled inference
INFO:__main__:running scheduled inference
INFO:reinforce.environment:

        episode 2/100 done
        loss:            -9.2886
        model portfolio: -4.8889%
        buy and hold:    +10.5357%
        
INFO:reinforce.environment:episode 3/100 began
INFO:__main__:running scheduled inference
INFO:__main__:running scheduled inference
INFO:__main__:running scheduled inference
INFO:__main__:running scheduled inference
INFO:__main__:running scheduled inference
INFO:reinforce.environment:

        episode 3/100 done
        loss:             28.0435
        model portfolio: +19.5763%
        buy and hold:    +10.5357%
        
INFO:reinforce.environment:episode 4/100 began
INFO:__main__:running scheduled inference
INFO:__main__:running scheduled inference
INFO:__main__:running scheduled inference
INFO:__main__:running scheduled inference
INFO:reinforce.environment:

        episode 4/100 done
        loss:             6.3696
        model portfolio: +4.8329%
        buy and hold:    +10.5357%
        
INFO:reinforce.environment:episode 5/100 began
INFO:__main__:running scheduled inference
INFO:__main__:running scheduled inference
INFO:__main__:running scheduled inference
INFO:__main__:running scheduled inference
INFO:__main__:running scheduled inference
INFO:reinforce.environment:

        episode 5/100 done
        loss:            -16.4728
        model portfolio: -9.9376%
        buy and hold:    +10.5357%
        
INFO:reinforce.environment:episode 6/100 began
INFO:__main__:running scheduled inference
INFO:__main__:running scheduled inference
INFO:__main__:running scheduled inference
INFO:__main__:running scheduled inference
INFO:__main__:running scheduled inference
INFO:reinforce.environment:

        episode 6/100 done
        loss:            -3.3147
        model portfolio: -2.0377%
        buy and hold:    +10.5357%
        
INFO:reinforce.environment:episode 7/100 began
INFO:__main__:running scheduled inference
INFO:__main__:running scheduled inference
INFO:__main__:running scheduled inference
INFO:__main__:running scheduled inference
INFO:__main__:running scheduled inference
INFO:reinforce.environment:

        episode 7/100 done
        loss:             2.6780
        model portfolio: +1.4064%
        buy and hold:    +10.5357%
        
INFO:reinforce.environment:episode 8/100 began
INFO:__main__:running scheduled inference
INFO:__main__:running scheduled inference
INFO:__main__:running scheduled inference
INFO:__main__:running scheduled inference
INFO:__main__:running scheduled inference
INFO:reinforce.environment:

        episode 8/100 done
        loss:            -2.4198
        model portfolio: -1.6786%
        buy and hold:    +10.5357%
        
INFO:reinforce.environment:episode 9/100 began
INFO:__main__:running scheduled inference
INFO:__main__:running scheduled inference
INFO:__main__:running scheduled inference
INFO:__main__:running scheduled inference
INFO:reinforce.environment:

        episode 9/100 done
        loss:             11.4204
        model portfolio: +6.8330%
        buy and hold:    +10.5357%
        
INFO:reinforce.environment:episode 10/100 began
INFO:__main__:running scheduled inference
INFO:__main__:running scheduled inference
INFO:__main__:running scheduled inference
INFO:__main__:running scheduled inference
INFO:__main__:running scheduled inference
INFO:reinforce.environment:

        episode 10/100 done
        loss:             20.5770
        model portfolio: +12.8251%
        buy and hold:    +10.5357%
        
INFO:reinforce.environment:target reached, best episode achieved +19.5763%, exiting.
INFO:__main__:model updated successfully
INFO:__main__:running scheduled inference
INFO:__main__:running scheduled inference
INFO:__main__:running scheduled training
INFO:reinforce.environment:training starts
INFO:__main__:training started, thread id: <Thread(Thread-228 (_train), started 13413462016)>
INFO:reinforce.environment:episode 1/100 began
INFO:__main__:running scheduled inference
INFO:__main__:running scheduled inference
INFO:__main__:running scheduled inference
INFO:__main__:running scheduled inference
INFO:__main__:running scheduled inference
INFO:__main__:running scheduled inference
INFO:reinforce.environment:

        episode 1/100 done
        loss:            -4.3600
        model portfolio: -1.7079%
        buy and hold:    +6.4570%
        
INFO:reinforce.environment:episode 2/100 began
INFO:__main__:running scheduled inference
INFO:__main__:running scheduled inference
INFO:__main__:running scheduled inference
INFO:__main__:running scheduled inference
INFO:__main__:running scheduled inference
INFO:__main__:running scheduled inference
INFO:__main__:running scheduled inference
INFO:reinforce.environment:

        episode 2/100 done
        loss:            -0.2106
        model portfolio: +0.2487%
        buy and hold:    +6.4570%
        
INFO:reinforce.environment:episode 3/100 began
INFO:__main__:running scheduled inference
INFO:__main__:running scheduled inference
INFO:__main__:running scheduled inference
INFO:__main__:running scheduled inference
INFO:__main__:running scheduled inference
INFO:__main__:running scheduled inference
INFO:reinforce.environment:

        episode 3/100 done
        loss:             22.6408
        model portfolio: +12.8284%
        buy and hold:    +6.4570%
        
INFO:reinforce.environment:episode 4/100 began
INFO:__main__:running scheduled inference
INFO:__main__:running scheduled inference
INFO:__main__:running scheduled inference
INFO:__main__:running scheduled inference
INFO:__main__:running scheduled inference
INFO:reinforce.environment:

        episode 4/100 done
        loss:             32.2103
        model portfolio: +18.5792%
        buy and hold:    +6.4570%
        
INFO:reinforce.environment:episode 5/100 began
INFO:__main__:running scheduled inference
INFO:__main__:running scheduled inference
INFO:__main__:running scheduled inference
INFO:__main__:running scheduled inference
INFO:__main__:running scheduled inference
INFO:__main__:running scheduled inference
INFO:reinforce.environment:

        episode 5/100 done
        loss:            -21.7713
        model portfolio: -9.9843%
        buy and hold:    +6.4570%
        
INFO:reinforce.environment:episode 6/100 began
INFO:__main__:running scheduled inference
INFO:__main__:running scheduled inference
INFO:__main__:running scheduled inference
INFO:__main__:running scheduled inference
INFO:__main__:running scheduled inference
INFO:__main__:running scheduled inference
INFO:reinforce.environment:

        episode 6/100 done
        loss:            -10.9243
        model portfolio: -5.5223%
        buy and hold:    +6.4570%
        
INFO:reinforce.environment:episode 7/100 began
INFO:__main__:running scheduled inference
INFO:__main__:running scheduled inference
INFO:__main__:running scheduled inference
INFO:__main__:running scheduled inference
INFO:__main__:running scheduled inference
INFO:__main__:running scheduled inference
INFO:reinforce.environment:

        episode 7/100 done
        loss:             3.0455
        model portfolio: +2.1086%
        buy and hold:    +6.4570%
        
INFO:reinforce.environment:episode 8/100 began
INFO:__main__:running scheduled inference
INFO:__main__:running scheduled inference
INFO:__main__:running scheduled inference
INFO:__main__:running scheduled inference
INFO:__main__:running scheduled inference
INFO:__main__:running scheduled inference
INFO:reinforce.environment:

        episode 8/100 done
        loss:            -7.4935
        model portfolio: -3.6240%
        buy and hold:    +6.4570%
        
INFO:reinforce.environment:episode 9/100 began
INFO:__main__:running scheduled inference
INFO:__main__:running scheduled inference
INFO:__main__:running scheduled training
INFO:__main__:there is another training thread running, wait for it to finish first
INFO:__main__:running scheduled inference
INFO:__main__:running scheduled inference
INFO:__main__:running scheduled inference
INFO:reinforce.environment:

        episode 9/100 done
        loss:             5.9766
        model portfolio: +2.4900%
        buy and hold:    +6.4570%
        
INFO:reinforce.environment:episode 10/100 began
INFO:__main__:running scheduled inference
INFO:__main__:running scheduled inference
INFO:__main__:running scheduled inference
INFO:__main__:running scheduled inference
INFO:__main__:running scheduled inference
INFO:__main__:running scheduled inference
INFO:reinforce.environment:

        episode 10/100 done
        loss:            -4.9526
        model portfolio: -1.3814%
        buy and hold:    +6.4570%
        
INFO:reinforce.environment:episode 11/100 began
INFO:__main__:running scheduled inference
INFO:__main__:running scheduled inference
INFO:__main__:running scheduled inference
INFO:__main__:running scheduled inference
INFO:__main__:running scheduled inference
INFO:__main__:running scheduled inference
INFO:reinforce.environment:

        episode 11/100 done
        loss:             20.6591
        model portfolio: +10.6967%
        buy and hold:    +6.4570%
        
INFO:reinforce.environment:target reached, best episode achieved +18.5792%, exiting.
INFO:__main__:model updated successfully
INFO:__main__:running scheduled inference
INFO:__main__:running scheduled inference
INFO:__main__:running scheduled inference
INFO:__main__:running scheduled inference
INFO:__main__:running scheduled inference
INFO:__main__:running scheduled inference
INFO:__main__:running scheduled inference
INFO:__main__:running scheduled inference
INFO:__main__:running scheduled inference
INFO:__main__:running scheduled inference
ERROR:__main__:
INFO:__main__:running scheduled inference
INFO:__main__:running scheduled inference
INFO:__main__:running scheduled inference
INFO:__main__:not live data, connecting to db data/examples/TQQQ.db
INFO:__main__:starting timer thread
INFO:reinforce.environment:training starts
INFO:__main__:training started, thread id: <Thread(Thread-2 (_train), started 6384922624)>
INFO:__main__:running scheduled inference
WARNING:__main__:model not ready, not running inference
INFO:reinforce.environment:episode 1/100 began
INFO:__main__:running scheduled inference
WARNING:__main__:model not ready, not running inference
ERROR:__main__:
INFO:reinforce.environment:

        episode 1/100 done
        loss:            -1.4301
        model portfolio: 0.0000%
        buy and hold:    +11.1735%
        
INFO:reinforce.environment:episode 2/100 began
INFO:__main__:running scheduled inference
WARNING:__main__:model not ready, not running inference
INFO:reinforce.environment:

        episode 2/100 done
        loss:             0.7774
        model portfolio: +2.0381%
        buy and hold:    +11.1735%
        
INFO:reinforce.environment:episode 3/100 began
INFO:__main__:running scheduled inference
WARNING:__main__:model not ready, not running inference
INFO:reinforce.environment:

        episode 3/100 done
        loss:             1.5683
        model portfolio: +4.4274%
        buy and hold:    +11.1735%
        
INFO:reinforce.environment:episode 4/100 began
INFO:__main__:running scheduled inference
WARNING:__main__:model not ready, not running inference
INFO:reinforce.environment:

        episode 4/100 done
        loss:             0.3820
        model portfolio: 0.0000%
        buy and hold:    +11.1735%
        
INFO:reinforce.environment:episode 5/100 began
INFO:reinforce.environment:

        episode 5/100 done
        loss:             1.5718
        model portfolio: +3.5405%
        buy and hold:    +11.1735%
        
INFO:reinforce.environment:episode 6/100 began
INFO:__main__:running scheduled inference
WARNING:__main__:model not ready, not running inference
INFO:reinforce.environment:

        episode 6/100 done
        loss:             1.3482
        model portfolio: 0.0000%
        buy and hold:    +11.1735%
        
INFO:reinforce.environment:episode 7/100 began
INFO:__main__:running scheduled inference
WARNING:__main__:model not ready, not running inference
INFO:reinforce.environment:

        episode 7/100 done
        loss:             1.3028
        model portfolio: +5.2977%
        buy and hold:    +11.1735%
        
INFO:reinforce.environment:episode 8/100 began
INFO:reinforce.environment:

        episode 8/100 done
        loss:             0.9333
        model portfolio: +3.8566%
        buy and hold:    +11.1735%
        
INFO:__main__:running scheduled inference
WARNING:__main__:model not ready, not running inference
INFO:reinforce.environment:episode 9/100 began
INFO:reinforce.environment:

        episode 9/100 done
        loss:             1.1027
        model portfolio: +1.7862%
        buy and hold:    +11.1735%
        
INFO:reinforce.environment:episode 10/100 began
INFO:__main__:running scheduled inference
WARNING:__main__:model not ready, not running inference
INFO:reinforce.environment:

        episode 10/100 done
        loss:             1.7038
        model portfolio: +5.5420%
        buy and hold:    +11.1735%
        
INFO:reinforce.environment:episode 11/100 began
INFO:__main__:running scheduled inference
WARNING:__main__:model not ready, not running inference
INFO:reinforce.environment:

        episode 11/100 done
        loss:            -0.0333
        model portfolio: +1.7974%
        buy and hold:    +11.1735%
        
INFO:reinforce.environment:episode 12/100 began
INFO:reinforce.environment:

        episode 12/100 done
        loss:            -0.6300
        model portfolio: +0.8678%
        buy and hold:    +11.1735%
        
INFO:reinforce.environment:episode 13/100 began
INFO:__main__:running scheduled inference
WARNING:__main__:model not ready, not running inference
INFO:reinforce.environment:

        episode 13/100 done
        loss:             1.0016
        model portfolio: 0.0000%
        buy and hold:    +11.1735%
        
INFO:reinforce.environment:episode 14/100 began
INFO:__main__:running scheduled inference
WARNING:__main__:model not ready, not running inference
INFO:reinforce.environment:

        episode 14/100 done
        loss:             1.3876
        model portfolio: +0.8146%
        buy and hold:    +11.1735%
        
INFO:reinforce.environment:episode 15/100 began
INFO:__main__:running scheduled inference
WARNING:__main__:model not ready, not running inference
INFO:reinforce.environment:

        episode 15/100 done
        loss:             1.0429
        model portfolio: +3.5129%
        buy and hold:    +11.1735%
        
INFO:reinforce.environment:episode 16/100 began
INFO:reinforce.environment:

        episode 16/100 done
        loss:             0.9930
        model portfolio: +1.7981%
        buy and hold:    +11.1735%
        
INFO:reinforce.environment:episode 17/100 began
INFO:__main__:running scheduled inference
WARNING:__main__:model not ready, not running inference
INFO:reinforce.environment:

        episode 17/100 done
        loss:            -0.2286
        model portfolio: 0.0000%
        buy and hold:    +11.1735%
        
INFO:reinforce.environment:episode 18/100 began
INFO:__main__:running scheduled inference
WARNING:__main__:model not ready, not running inference
INFO:reinforce.environment:

        episode 18/100 done
        loss:            -0.1162
        model portfolio: -1.4457%
        buy and hold:    +11.1735%
        
INFO:reinforce.environment:episode 19/100 began
INFO:__main__:running scheduled inference
WARNING:__main__:model not ready, not running inference
INFO:reinforce.environment:

        episode 19/100 done
        loss:             1.2854
        model portfolio: +7.6750%
        buy and hold:    +11.1735%
        
INFO:reinforce.environment:episode 20/100 began
INFO:reinforce.environment:

        episode 20/100 done
        loss:             0.2199
        model portfolio: +3.8566%
        buy and hold:    +11.1735%
        
INFO:reinforce.environment:episode 21/100 began
INFO:__main__:running scheduled inference
WARNING:__main__:model not ready, not running inference
INFO:reinforce.environment:

        episode 21/100 done
        loss:             0.5627
        model portfolio: +2.0076%
        buy and hold:    +11.1735%
        
INFO:reinforce.environment:episode 22/100 began
INFO:__main__:running scheduled inference
WARNING:__main__:model not ready, not running inference
INFO:reinforce.environment:

        episode 22/100 done
        loss:            -0.3534
        model portfolio: 0.0000%
        buy and hold:    +11.1735%
        
INFO:reinforce.environment:episode 23/100 began
INFO:__main__:running scheduled inference
WARNING:__main__:model not ready, not running inference
INFO:reinforce.environment:

        episode 23/100 done
        loss:            -0.1942
        model portfolio: 0.0000%
        buy and hold:    +11.1735%
        
INFO:reinforce.environment:episode 24/100 began
INFO:reinforce.environment:

        episode 24/100 done
        loss:             0.2706
        model portfolio: +0.6993%
        buy and hold:    +11.1735%
        
INFO:reinforce.environment:episode 25/100 began
INFO:__main__:running scheduled inference
WARNING:__main__:model not ready, not running inference
INFO:reinforce.environment:

        episode 25/100 done
        loss:             2.2232
        model portfolio: +6.5209%
        buy and hold:    +11.1735%
        
INFO:reinforce.environment:episode 26/100 began
INFO:__main__:running scheduled inference
WARNING:__main__:model not ready, not running inference
INFO:reinforce.environment:

        episode 26/100 done
        loss:             0.0167
        model portfolio: +1.6894%
        buy and hold:    +11.1735%
        
INFO:reinforce.environment:episode 27/100 began
INFO:__main__:running scheduled inference
WARNING:__main__:model not ready, not running inference
INFO:reinforce.environment:

        episode 27/100 done
        loss:            -0.2111
        model portfolio: +1.3892%
        buy and hold:    +11.1735%
        
INFO:reinforce.environment:episode 28/100 began
INFO:reinforce.environment:

        episode 28/100 done
        loss:             0.9988
        model portfolio: +5.1027%
        buy and hold:    +11.1735%
        
INFO:reinforce.environment:episode 29/100 began
INFO:__main__:running scheduled inference
WARNING:__main__:model not ready, not running inference
INFO:reinforce.environment:

        episode 29/100 done
        loss:            -0.2294
        model portfolio: 0.0000%
        buy and hold:    +11.1735%
        
INFO:reinforce.environment:episode 30/100 began
INFO:__main__:running scheduled inference
WARNING:__main__:model not ready, not running inference
INFO:reinforce.environment:

        episode 30/100 done
        loss:             2.4350
        model portfolio: +9.4853%
        buy and hold:    +11.1735%
        
INFO:reinforce.environment:episode 31/100 began
INFO:reinforce.environment:

        episode 31/100 done
        loss:             0.8857
        model portfolio: +3.4112%
        buy and hold:    +11.1735%
        
INFO:reinforce.environment:episode 32/100 began
INFO:__main__:running scheduled inference
WARNING:__main__:model not ready, not running inference
INFO:reinforce.environment:

        episode 32/100 done
        loss:             0.5168
        model portfolio: 0.0000%
        buy and hold:    +11.1735%
        
INFO:reinforce.environment:episode 33/100 began
INFO:__main__:running scheduled inference
WARNING:__main__:model not ready, not running inference
INFO:reinforce.environment:

        episode 33/100 done
        loss:             0.9120
        model portfolio: +4.6581%
        buy and hold:    +11.1735%
        
INFO:reinforce.environment:episode 34/100 began
INFO:__main__:running scheduled inference
WARNING:__main__:model not ready, not running inference
INFO:reinforce.environment:

        episode 34/100 done
        loss:             0.5161
        model portfolio: +1.5712%
        buy and hold:    +11.1735%
        
INFO:reinforce.environment:episode 35/100 began
INFO:reinforce.environment:

        episode 35/100 done
        loss:             1.1790
        model portfolio: +5.3783%
        buy and hold:    +11.1735%
        
INFO:reinforce.environment:episode 36/100 began
INFO:__main__:running scheduled inference
WARNING:__main__:model not ready, not running inference
INFO:reinforce.environment:

        episode 36/100 done
        loss:             1.2571
        model portfolio: +3.0743%
        buy and hold:    +11.1735%
        
INFO:reinforce.environment:episode 37/100 began
INFO:__main__:running scheduled inference
WARNING:__main__:model not ready, not running inference
INFO:reinforce.environment:

        episode 37/100 done
        loss:            -0.1131
        model portfolio: +0.3582%
        buy and hold:    +11.1735%
        
INFO:reinforce.environment:episode 38/100 began
INFO:reinforce.environment:

        episode 38/100 done
        loss:             1.0853
        model portfolio: +2.3708%
        buy and hold:    +11.1735%
        
INFO:__main__:running scheduled inference
WARNING:__main__:model not ready, not running inference
INFO:reinforce.environment:episode 39/100 began
INFO:reinforce.environment:

        episode 39/100 done
        loss:             1.1078
        model portfolio: +3.1746%
        buy and hold:    +11.1735%
        
INFO:reinforce.environment:episode 40/100 began
INFO:__main__:running scheduled inference
WARNING:__main__:model not ready, not running inference
INFO:reinforce.environment:

        episode 40/100 done
        loss:             0.6361
        model portfolio: +1.5581%
        buy and hold:    +11.1735%
        
INFO:reinforce.environment:episode 41/100 began
INFO:__main__:running scheduled inference
WARNING:__main__:model not ready, not running inference
INFO:reinforce.environment:

        episode 41/100 done
        loss:             0.6255
        model portfolio: +2.2573%
        buy and hold:    +11.1735%
        
INFO:reinforce.environment:episode 42/100 began
INFO:reinforce.environment:

        episode 42/100 done
        loss:             0.0018
        model portfolio: +0.8746%
        buy and hold:    +11.1735%
        
INFO:reinforce.environment:episode 43/100 began
INFO:__main__:running scheduled inference
WARNING:__main__:model not ready, not running inference
INFO:reinforce.environment:

        episode 43/100 done
        loss:             0.2683
        model portfolio: -0.3868%
        buy and hold:    +11.1735%
        
INFO:reinforce.environment:episode 44/100 began
INFO:__main__:running scheduled inference
WARNING:__main__:model not ready, not running inference
INFO:reinforce.environment:

        episode 44/100 done
        loss:             0.0979
        model portfolio: +0.1311%
        buy and hold:    +11.1735%
        
INFO:reinforce.environment:episode 45/100 began
INFO:__main__:running scheduled inference
WARNING:__main__:model not ready, not running inference
INFO:reinforce.environment:

        episode 45/100 done
        loss:             0.9496
        model portfolio: +4.0795%
        buy and hold:    +11.1735%
        
INFO:reinforce.environment:episode 46/100 began
INFO:reinforce.environment:

        episode 46/100 done
        loss:             1.5834
        model portfolio: +5.0767%
        buy and hold:    +11.1735%
        
INFO:reinforce.environment:episode 47/100 began
INFO:__main__:running scheduled inference
WARNING:__main__:model not ready, not running inference
INFO:reinforce.environment:

        episode 47/100 done
        loss:             1.6463
        model portfolio: +6.6550%
        buy and hold:    +11.1735%
        
INFO:reinforce.environment:episode 48/100 began
INFO:__main__:running scheduled inference
WARNING:__main__:model not ready, not running inference
INFO:reinforce.environment:

        episode 48/100 done
        loss:             1.8584
        model portfolio: +5.5457%
        buy and hold:    +11.1735%
        
INFO:reinforce.environment:episode 49/100 began
INFO:reinforce.environment:

        episode 49/100 done
        loss:             0.9380
        model portfolio: +4.3159%
        buy and hold:    +11.1735%
        
INFO:reinforce.environment:episode 50/100 began
INFO:__main__:running scheduled inference
WARNING:__main__:model not ready, not running inference
INFO:reinforce.environment:

        episode 50/100 done
        loss:            -0.1069
        model portfolio: -1.4056%
        buy and hold:    +11.1735%
        
INFO:reinforce.environment:episode 51/100 began
INFO:__main__:running scheduled inference
WARNING:__main__:model not ready, not running inference
INFO:reinforce.environment:

        episode 51/100 done
        loss:             0.8111
        model portfolio: +3.2023%
        buy and hold:    +11.1735%
        
INFO:reinforce.environment:episode 52/100 began
INFO:__main__:running scheduled inference
WARNING:__main__:model not ready, not running inference
INFO:reinforce.environment:

        episode 52/100 done
        loss:             0.4579
        model portfolio: +2.5157%
        buy and hold:    +11.1735%
        
INFO:reinforce.environment:episode 53/100 began
INFO:reinforce.environment:

        episode 53/100 done
        loss:            -0.4872
        model portfolio: -0.9904%
        buy and hold:    +11.1735%
        
INFO:reinforce.environment:episode 54/100 began
INFO:__main__:running scheduled inference
WARNING:__main__:model not ready, not running inference
INFO:reinforce.environment:

        episode 54/100 done
        loss:            -0.0279
        model portfolio: -0.4476%
        buy and hold:    +11.1735%
        
INFO:reinforce.environment:episode 55/100 began
INFO:__main__:running scheduled inference
WARNING:__main__:model not ready, not running inference
INFO:reinforce.environment:

        episode 55/100 done
        loss:             1.1283
        model portfolio: +3.5951%
        buy and hold:    +11.1735%
        
INFO:reinforce.environment:episode 56/100 began
INFO:__main__:running scheduled inference
WARNING:__main__:model not ready, not running inference
INFO:reinforce.environment:

        episode 56/100 done
        loss:             0.5399
        model portfolio: +3.4302%
        buy and hold:    +11.1735%
        
INFO:reinforce.environment:episode 57/100 began
INFO:reinforce.environment:

        episode 57/100 done
        loss:             0.7162
        model portfolio: +2.1848%
        buy and hold:    +11.1735%
        
INFO:reinforce.environment:episode 58/100 began
INFO:__main__:running scheduled inference
WARNING:__main__:model not ready, not running inference
INFO:reinforce.environment:

        episode 58/100 done
        loss:             0.4966
        model portfolio: +1.8920%
        buy and hold:    +11.1735%
        
INFO:reinforce.environment:episode 59/100 began
INFO:__main__:running scheduled inference
WARNING:__main__:model not ready, not running inference
INFO:reinforce.environment:

        episode 59/100 done
        loss:             0.6915
        model portfolio: +2.0115%
        buy and hold:    +11.1735%
        
INFO:reinforce.environment:episode 60/100 began
INFO:reinforce.environment:

        episode 60/100 done
        loss:            -0.0284
        model portfolio: +0.5579%
        buy and hold:    +11.1735%
        
INFO:reinforce.environment:episode 61/100 began
INFO:__main__:running scheduled inference
WARNING:__main__:model not ready, not running inference
INFO:reinforce.environment:

        episode 61/100 done
        loss:            -0.2409
        model portfolio: -0.6788%
        buy and hold:    +11.1735%
        
INFO:reinforce.environment:episode 62/100 began
INFO:__main__:running scheduled inference
WARNING:__main__:model not ready, not running inference
INFO:reinforce.environment:

        episode 62/100 done
        loss:             0.1573
        model portfolio: 0.0000%
        buy and hold:    +11.1735%
        
INFO:reinforce.environment:episode 63/100 began
INFO:__main__:running scheduled inference
WARNING:__main__:model not ready, not running inference
INFO:reinforce.environment:

        episode 63/100 done
        loss:             0.2083
        model portfolio: -0.5425%
        buy and hold:    +11.1735%
        
INFO:reinforce.environment:episode 64/100 began
INFO:reinforce.environment:

        episode 64/100 done
        loss:             1.8298
        model portfolio: +9.4287%
        buy and hold:    +11.1735%
        
INFO:reinforce.environment:episode 65/100 began
INFO:__main__:running scheduled inference
WARNING:__main__:model not ready, not running inference
INFO:reinforce.environment:

        episode 65/100 done
        loss:            -0.0308
        model portfolio: -0.3760%
        buy and hold:    +11.1735%
        
INFO:reinforce.environment:episode 66/100 began
INFO:__main__:running scheduled inference
WARNING:__main__:model not ready, not running inference
INFO:reinforce.environment:

        episode 66/100 done
        loss:             0.8781
        model portfolio: +5.3880%
        buy and hold:    +11.1735%
        
INFO:reinforce.environment:episode 67/100 began
INFO:__main__:running scheduled training
INFO:__main__:there is another training thread running, wait for it to finish first
INFO:__main__:running scheduled inference
WARNING:__main__:model not ready, not running inference
INFO:reinforce.environment:

        episode 67/100 done
        loss:             0.1465
        model portfolio: +3.3896%
        buy and hold:    +11.1735%
        
INFO:reinforce.environment:episode 68/100 began
INFO:reinforce.environment:

        episode 68/100 done
        loss:             0.5033
        model portfolio: 0.0000%
        buy and hold:    +11.1735%
        
INFO:reinforce.environment:episode 69/100 began
INFO:__main__:running scheduled inference
WARNING:__main__:model not ready, not running inference
INFO:reinforce.environment:

        episode 69/100 done
        loss:             0.8383
        model portfolio: +3.1561%
        buy and hold:    +11.1735%
        
INFO:reinforce.environment:episode 70/100 began
INFO:__main__:running scheduled inference
WARNING:__main__:model not ready, not running inference
INFO:reinforce.environment:

        episode 70/100 done
        loss:             1.1596
        model portfolio: +4.6500%
        buy and hold:    +11.1735%
        
INFO:reinforce.environment:episode 71/100 began
INFO:reinforce.environment:

        episode 71/100 done
        loss:            -0.2601
        model portfolio: -1.2400%
        buy and hold:    +11.1735%
        
INFO:reinforce.environment:episode 72/100 began
INFO:__main__:running scheduled inference
WARNING:__main__:model not ready, not running inference
INFO:reinforce.environment:

        episode 72/100 done
        loss:             0.9648
        model portfolio: +4.7728%
        buy and hold:    +11.1735%
        
INFO:reinforce.environment:episode 73/100 began
INFO:__main__:running scheduled inference
WARNING:__main__:model not ready, not running inference
INFO:reinforce.environment:

        episode 73/100 done
        loss:             0.4280
        model portfolio: 0.0000%
        buy and hold:    +11.1735%
        
INFO:reinforce.environment:episode 74/100 began
INFO:__main__:running scheduled inference
WARNING:__main__:model not ready, not running inference
INFO:reinforce.environment:

        episode 74/100 done
        loss:            -0.2944
        model portfolio: +0.8015%
        buy and hold:    +11.1735%
        
INFO:reinforce.environment:episode 75/100 began
INFO:reinforce.environment:

        episode 75/100 done
        loss:            -0.2629
        model portfolio: 0.0000%
        buy and hold:    +11.1735%
        
INFO:reinforce.environment:episode 76/100 began
INFO:__main__:running scheduled inference
WARNING:__main__:model not ready, not running inference
INFO:reinforce.environment:

        episode 76/100 done
        loss:             0.6810
        model portfolio: +3.7957%
        buy and hold:    +11.1735%
        
INFO:reinforce.environment:episode 77/100 began
INFO:__main__:running scheduled inference
WARNING:__main__:model not ready, not running inference
INFO:reinforce.environment:

        episode 77/100 done
        loss:             0.6007
        model portfolio: +0.6040%
        buy and hold:    +11.1735%
        
INFO:reinforce.environment:episode 78/100 began
INFO:reinforce.environment:

        episode 78/100 done
        loss:             0.1218
        model portfolio: 0.0000%
        buy and hold:    +11.1735%
        
INFO:__main__:running scheduled inference
WARNING:__main__:model not ready, not running inference
INFO:reinforce.environment:episode 79/100 began
INFO:reinforce.environment:

        episode 79/100 done
        loss:             2.1182
        model portfolio: +7.2162%
        buy and hold:    +11.1735%
        
INFO:reinforce.environment:episode 80/100 began
INFO:__main__:running scheduled inference
WARNING:__main__:model not ready, not running inference
INFO:reinforce.environment:

        episode 80/100 done
        loss:             0.1971
        model portfolio: 0.0000%
        buy and hold:    +11.1735%
        
INFO:reinforce.environment:episode 81/100 began
INFO:__main__:running scheduled inference
WARNING:__main__:model not ready, not running inference
INFO:reinforce.environment:

        episode 81/100 done
        loss:             0.2785
        model portfolio: +1.6701%
        buy and hold:    +11.1735%
        
INFO:reinforce.environment:episode 82/100 began
INFO:reinforce.environment:

        episode 82/100 done
        loss:             1.0115
        model portfolio: +4.1107%
        buy and hold:    +11.1735%
        
INFO:reinforce.environment:episode 83/100 began
INFO:__main__:running scheduled inference
WARNING:__main__:model not ready, not running inference
INFO:reinforce.environment:

        episode 83/100 done
        loss:             0.7616
        model portfolio: +4.3151%
        buy and hold:    +11.1735%
        
INFO:reinforce.environment:episode 84/100 began
INFO:__main__:running scheduled inference
WARNING:__main__:model not ready, not running inference
INFO:reinforce.environment:

        episode 84/100 done
        loss:             1.1055
        model portfolio: +4.7803%
        buy and hold:    +11.1735%
        
INFO:reinforce.environment:episode 85/100 began
INFO:__main__:running scheduled inference
WARNING:__main__:model not ready, not running inference
INFO:reinforce.environment:

        episode 85/100 done
        loss:             1.1987
        model portfolio: +4.6890%
        buy and hold:    +11.1735%
        
INFO:reinforce.environment:episode 86/100 began
INFO:reinforce.environment:

        episode 86/100 done
        loss:             0.7912
        model portfolio: +2.4456%
        buy and hold:    +11.1735%
        
INFO:reinforce.environment:episode 87/100 began
INFO:__main__:running scheduled inference
WARNING:__main__:model not ready, not running inference
INFO:reinforce.environment:

        episode 87/100 done
        loss:             0.1917
        model portfolio: -0.2971%
        buy and hold:    +11.1735%
        
INFO:reinforce.environment:episode 88/100 began
INFO:__main__:running scheduled inference
WARNING:__main__:model not ready, not running inference
INFO:reinforce.environment:

        episode 88/100 done
        loss:             0.0925
        model portfolio: +1.7707%
        buy and hold:    +11.1735%
        
INFO:reinforce.environment:episode 89/100 began
INFO:reinforce.environment:

        episode 89/100 done
        loss:             0.6245
        model portfolio: +2.6703%
        buy and hold:    +11.1735%
        
INFO:reinforce.environment:episode 90/100 began
INFO:__main__:running scheduled inference
WARNING:__main__:model not ready, not running inference
INFO:reinforce.environment:

        episode 90/100 done
        loss:             1.1317
        model portfolio: +3.0074%
        buy and hold:    +11.1735%
        
INFO:reinforce.environment:episode 91/100 began
INFO:__main__:running scheduled inference
WARNING:__main__:model not ready, not running inference
INFO:reinforce.environment:

        episode 91/100 done
        loss:             0.6156
        model portfolio: +3.0743%
        buy and hold:    +11.1735%
        
INFO:reinforce.environment:episode 92/100 began
INFO:__main__:running scheduled inference
WARNING:__main__:model not ready, not running inference
INFO:reinforce.environment:

        episode 92/100 done
        loss:             0.4123
        model portfolio: +1.8388%
        buy and hold:    +11.1735%
        
INFO:reinforce.environment:episode 93/100 began
INFO:reinforce.environment:

        episode 93/100 done
        loss:             0.6337
        model portfolio: +5.2560%
        buy and hold:    +11.1735%
        
INFO:reinforce.environment:episode 94/100 began
INFO:__main__:running scheduled inference
WARNING:__main__:model not ready, not running inference
INFO:reinforce.environment:

        episode 94/100 done
        loss:             1.4003
        model portfolio: +5.1118%
        buy and hold:    +11.1735%
        
INFO:reinforce.environment:episode 95/100 began
INFO:__main__:running scheduled inference
WARNING:__main__:model not ready, not running inference
INFO:reinforce.environment:

        episode 95/100 done
        loss:             1.0611
        model portfolio: +8.7329%
        buy and hold:    +11.1735%
        
INFO:reinforce.environment:episode 96/100 began
INFO:__main__:running scheduled inference
WARNING:__main__:model not ready, not running inference
INFO:reinforce.environment:

        episode 96/100 done
        loss:             0.9168
        model portfolio: +3.8211%
        buy and hold:    +11.1735%
        
INFO:reinforce.environment:episode 97/100 began
INFO:reinforce.environment:

        episode 97/100 done
        loss:            -0.5873
        model portfolio: -0.8232%
        buy and hold:    +11.1735%
        
INFO:reinforce.environment:episode 98/100 began
INFO:__main__:running scheduled inference
WARNING:__main__:model not ready, not running inference
INFO:reinforce.environment:

        episode 98/100 done
        loss:             1.1610
        model portfolio: +2.6191%
        buy and hold:    +11.1735%
        
INFO:reinforce.environment:episode 99/100 began
INFO:__main__:running scheduled inference
WARNING:__main__:model not ready, not running inference
INFO:reinforce.environment:

        episode 99/100 done
        loss:             2.6685
        model portfolio: +8.5631%
        buy and hold:    +11.1735%
        
INFO:reinforce.environment:episode 100/100 began
INFO:reinforce.environment:

        episode 100/100 done
        loss:             0.2845
        model portfolio: 0.0000%
        buy and hold:    +11.1735%
        
INFO:reinforce.environment:training complete, best episode achieved +9.4853%
INFO:__main__:model updated successfully
INFO:__main__:running scheduled inference
INFO:__main__:running scheduled inference
INFO:__main__:running scheduled inference
INFO:__main__:running scheduled inference
INFO:__main__:running scheduled inference
INFO:__main__:running scheduled inference
INFO:__main__:running scheduled inference
INFO:__main__:running scheduled inference
INFO:__main__:running scheduled inference
INFO:__main__:running scheduled inference
INFO:__main__:running scheduled inference
INFO:__main__:running scheduled inference
INFO:__main__:running scheduled inference
INFO:__main__:running scheduled inference
INFO:__main__:running scheduled inference
INFO:__main__:running scheduled inference
INFO:__main__:running scheduled inference
INFO:__main__:running scheduled inference
INFO:__main__:running scheduled inference
INFO:__main__:running scheduled inference
INFO:__main__:running scheduled inference
INFO:__main__:running scheduled inference
INFO:__main__:running scheduled inference
INFO:__main__:running scheduled inference
INFO:__main__:running scheduled inference
INFO:__main__:running scheduled inference
INFO:__main__:running scheduled training
INFO:reinforce.environment:training starts
INFO:reinforce.environment:episode 1/100 began
INFO:__main__:training started, thread id: <Thread(Thread-29 (_train), started 6419148800)>
INFO:__main__:running scheduled inference
INFO:__main__:running scheduled inference
INFO:__main__:running scheduled inference
INFO:reinforce.environment:

        episode 1/100 done
        loss:             2.1196
        model portfolio: +2.3976%
        buy and hold:    +17.7007%
        
INFO:reinforce.environment:episode 2/100 began
INFO:__main__:running scheduled inference
INFO:__main__:running scheduled inference
INFO:reinforce.environment:

        episode 2/100 done
        loss:             0.0934
        model portfolio: -0.1799%
        buy and hold:    +17.7007%
        
INFO:reinforce.environment:episode 3/100 began
INFO:__main__:running scheduled inference
INFO:__main__:running scheduled inference
INFO:__main__:running scheduled inference
INFO:reinforce.environment:

        episode 3/100 done
        loss:             5.3749
        model portfolio: +7.2342%
        buy and hold:    +17.7007%
        
INFO:reinforce.environment:episode 4/100 began
INFO:__main__:running scheduled inference
INFO:__main__:running scheduled inference
INFO:reinforce.environment:

        episode 4/100 done
        loss:             7.0712
        model portfolio: +7.4338%
        buy and hold:    +17.7007%
        
INFO:reinforce.environment:episode 5/100 began
INFO:__main__:running scheduled inference
INFO:__main__:running scheduled inference
INFO:reinforce.environment:

        episode 5/100 done
        loss:            -0.3242
        model portfolio: -0.8892%
        buy and hold:    +17.7007%
        
INFO:reinforce.environment:episode 6/100 began
INFO:__main__:running scheduled inference
INFO:__main__:running scheduled inference
INFO:reinforce.environment:

        episode 6/100 done
        loss:             3.5402
        model portfolio: +3.9170%
        buy and hold:    +17.7007%
        
INFO:reinforce.environment:episode 7/100 began
INFO:__main__:running scheduled inference
INFO:__main__:running scheduled inference
INFO:__main__:running scheduled inference
INFO:reinforce.environment:

        episode 7/100 done
        loss:             4.1802
        model portfolio: +4.8571%
        buy and hold:    +17.7007%
        
INFO:reinforce.environment:episode 8/100 began
INFO:__main__:running scheduled inference
INFO:__main__:running scheduled inference
INFO:reinforce.environment:

        episode 8/100 done
        loss:             0.5219
        model portfolio: +1.4631%
        buy and hold:    +17.7007%
        
INFO:reinforce.environment:episode 9/100 began
INFO:__main__:running scheduled inference
INFO:__main__:running scheduled inference
INFO:reinforce.environment:

        episode 9/100 done
        loss:            -1.1895
        model portfolio: -2.0844%
        buy and hold:    +17.7007%
        
INFO:reinforce.environment:episode 10/100 began
INFO:__main__:running scheduled inference
INFO:__main__:running scheduled inference
INFO:__main__:running scheduled inference
INFO:reinforce.environment:

        episode 10/100 done
        loss:             0.7643
        model portfolio: +1.6085%
        buy and hold:    +17.7007%
        
INFO:reinforce.environment:episode 11/100 began
INFO:__main__:running scheduled inference
INFO:__main__:running scheduled inference
INFO:reinforce.environment:

        episode 11/100 done
        loss:             0.6903
        model portfolio: +0.9384%
        buy and hold:    +17.7007%
        
INFO:reinforce.environment:episode 12/100 began
INFO:__main__:running scheduled inference
INFO:__main__:running scheduled inference
INFO:reinforce.environment:

        episode 12/100 done
        loss:             3.9522
        model portfolio: +5.4632%
        buy and hold:    +17.7007%
        
INFO:reinforce.environment:episode 13/100 began
INFO:__main__:running scheduled inference
INFO:__main__:running scheduled inference
INFO:reinforce.environment:

        episode 13/100 done
        loss:             6.5012
        model portfolio: +8.3932%
        buy and hold:    +17.7007%
        
INFO:reinforce.environment:episode 14/100 began
INFO:__main__:running scheduled inference
INFO:__main__:running scheduled inference
INFO:__main__:running scheduled inference
INFO:reinforce.environment:

        episode 14/100 done
        loss:             4.4551
        model portfolio: +5.3370%
        buy and hold:    +17.7007%
        
INFO:reinforce.environment:episode 15/100 began
INFO:__main__:running scheduled inference
INFO:__main__:running scheduled inference
INFO:reinforce.environment:

        episode 15/100 done
        loss:             4.0283
        model portfolio: +5.6169%
        buy and hold:    +17.7007%
        
INFO:reinforce.environment:episode 16/100 began
INFO:__main__:running scheduled inference
INFO:__main__:running scheduled inference
INFO:reinforce.environment:

        episode 16/100 done
        loss:             7.4527
        model portfolio: +8.3531%
        buy and hold:    +17.7007%
        
INFO:reinforce.environment:episode 17/100 began
INFO:__main__:running scheduled inference
INFO:__main__:running scheduled inference
INFO:__main__:running scheduled inference
INFO:reinforce.environment:

        episode 17/100 done
        loss:             3.2656
        model portfolio: +4.4198%
        buy and hold:    +17.7007%
        
INFO:reinforce.environment:episode 18/100 began
INFO:__main__:running scheduled inference
INFO:__main__:running scheduled inference
INFO:reinforce.environment:

        episode 18/100 done
        loss:             5.0334
        model portfolio: +6.8913%
        buy and hold:    +17.7007%
        
INFO:reinforce.environment:episode 19/100 began
INFO:__main__:running scheduled inference
INFO:__main__:running scheduled inference
INFO:reinforce.environment:

        episode 19/100 done
        loss:             2.0157
        model portfolio: +1.4247%
        buy and hold:    +17.7007%
        
INFO:reinforce.environment:episode 20/100 began
INFO:__main__:running scheduled inference
INFO:__main__:running scheduled inference
INFO:__main__:running scheduled inference
INFO:reinforce.environment:

        episode 20/100 done
        loss:            -2.5300
        model portfolio: -3.4306%
        buy and hold:    +17.7007%
        
INFO:reinforce.environment:episode 21/100 began
INFO:__main__:running scheduled inference
INFO:__main__:running scheduled inference
INFO:reinforce.environment:

        episode 21/100 done
        loss:             0.5255
        model portfolio: +0.2640%
        buy and hold:    +17.7007%
        
INFO:reinforce.environment:episode 22/100 began
INFO:__main__:running scheduled inference
INFO:__main__:running scheduled training
INFO:__main__:there is another training thread running, wait for it to finish first
INFO:__main__:running scheduled inference
INFO:reinforce.environment:

        episode 22/100 done
        loss:             2.9646
        model portfolio: +3.4466%
        buy and hold:    +17.7007%
        
INFO:reinforce.environment:episode 23/100 began
INFO:__main__:running scheduled inference
INFO:__main__:running scheduled inference
INFO:__main__:running scheduled inference
INFO:reinforce.environment:

        episode 23/100 done
        loss:             4.1123
        model portfolio: +5.4123%
        buy and hold:    +17.7007%
        
INFO:reinforce.environment:episode 24/100 began
INFO:__main__:running scheduled inference
INFO:__main__:running scheduled inference
INFO:reinforce.environment:

        episode 24/100 done
        loss:             5.4838
        model portfolio: +7.6486%
        buy and hold:    +17.7007%
        
INFO:reinforce.environment:episode 25/100 began
INFO:__main__:running scheduled inference
INFO:__main__:running scheduled inference
INFO:reinforce.environment:

        episode 25/100 done
        loss:             2.0195
        model portfolio: +3.1719%
        buy and hold:    +17.7007%
        
INFO:reinforce.environment:episode 26/100 began
INFO:__main__:running scheduled inference
INFO:__main__:running scheduled inference
INFO:reinforce.environment:

        episode 26/100 done
        loss:             0.5196
        model portfolio: -0.2075%
        buy and hold:    +17.7007%
        
INFO:reinforce.environment:episode 27/100 began
INFO:__main__:running scheduled inference
INFO:__main__:running scheduled inference
INFO:__main__:running scheduled inference
INFO:reinforce.environment:

        episode 27/100 done
        loss:            -2.5397
        model portfolio: -3.8485%
        buy and hold:    +17.7007%
        
INFO:reinforce.environment:episode 28/100 began
INFO:__main__:running scheduled inference
INFO:__main__:running scheduled inference
INFO:reinforce.environment:

        episode 28/100 done
        loss:             0.7889
        model portfolio: +0.8509%
        buy and hold:    +17.7007%
        
INFO:reinforce.environment:episode 29/100 began
INFO:__main__:running scheduled inference
INFO:__main__:running scheduled inference
INFO:reinforce.environment:

        episode 29/100 done
        loss:             1.4464
        model portfolio: +0.9276%
        buy and hold:    +17.7007%
        
INFO:reinforce.environment:episode 30/100 began
INFO:__main__:running scheduled inference
INFO:__main__:running scheduled inference
INFO:__main__:running scheduled inference
INFO:reinforce.environment:

        episode 30/100 done
        loss:             3.9200
        model portfolio: +4.8750%
        buy and hold:    +17.7007%
        
INFO:reinforce.environment:episode 31/100 began
INFO:__main__:running scheduled inference
INFO:__main__:running scheduled inference
INFO:reinforce.environment:

        episode 31/100 done
        loss:             7.6894
        model portfolio: +9.3688%
        buy and hold:    +17.7007%
        
INFO:reinforce.environment:episode 32/100 began
INFO:__main__:running scheduled inference
INFO:__main__:running scheduled inference
INFO:reinforce.environment:

        episode 32/100 done
        loss:             7.2041
        model portfolio: +10.3833%
        buy and hold:    +17.7007%
        
INFO:reinforce.environment:episode 33/100 began
INFO:__main__:running scheduled inference
INFO:__main__:running scheduled inference
INFO:reinforce.environment:

        episode 33/100 done
        loss:            -0.1438
        model portfolio: +0.2499%
        buy and hold:    +17.7007%
        
INFO:reinforce.environment:episode 34/100 began
INFO:__main__:running scheduled inference
INFO:__main__:running scheduled inference
INFO:__main__:running scheduled inference
INFO:reinforce.environment:

        episode 34/100 done
        loss:             6.4318
        model portfolio: +8.6895%
        buy and hold:    +17.7007%
        
INFO:reinforce.environment:episode 35/100 began
INFO:__main__:running scheduled inference
INFO:__main__:running scheduled inference
INFO:reinforce.environment:

        episode 35/100 done
        loss:             2.5510
        model portfolio: +3.4402%
        buy and hold:    +17.7007%
        
INFO:reinforce.environment:episode 36/100 began
INFO:__main__:running scheduled inference
INFO:__main__:running scheduled inference
INFO:reinforce.environment:

        episode 36/100 done
        loss:             2.6873
        model portfolio: +3.4074%
        buy and hold:    +17.7007%
        
INFO:reinforce.environment:episode 37/100 began
INFO:__main__:running scheduled inference
INFO:__main__:running scheduled inference
INFO:__main__:running scheduled inference
INFO:reinforce.environment:

        episode 37/100 done
        loss:             1.3118
        model portfolio: +1.5030%
        buy and hold:    +17.7007%
        
INFO:reinforce.environment:episode 38/100 began
INFO:__main__:running scheduled inference
INFO:__main__:running scheduled inference
INFO:reinforce.environment:

        episode 38/100 done
        loss:             6.2196
        model portfolio: +8.7033%
        buy and hold:    +17.7007%
        
INFO:reinforce.environment:episode 39/100 began
INFO:__main__:running scheduled inference
INFO:__main__:running scheduled inference
INFO:reinforce.environment:

        episode 39/100 done
        loss:             5.7149
        model portfolio: +8.1693%
        buy and hold:    +17.7007%
        
INFO:reinforce.environment:episode 40/100 began
INFO:__main__:running scheduled inference
INFO:__main__:running scheduled inference
INFO:reinforce.environment:

        episode 40/100 done
        loss:            -3.1073
        model portfolio: -2.9906%
        buy and hold:    +17.7007%
        
INFO:reinforce.environment:episode 41/100 began
INFO:__main__:running scheduled inference
INFO:__main__:running scheduled inference
INFO:__main__:running scheduled inference
INFO:reinforce.environment:

        episode 41/100 done
        loss:             9.2625
        model portfolio: +11.5741%
        buy and hold:    +17.7007%
        
INFO:reinforce.environment:episode 42/100 began
INFO:__main__:running scheduled inference
INFO:__main__:running scheduled inference
INFO:reinforce.environment:

        episode 42/100 done
        loss:             7.3858
        model portfolio: +10.3000%
        buy and hold:    +17.7007%
        
INFO:reinforce.environment:episode 43/100 began
INFO:__main__:running scheduled inference
INFO:__main__:running scheduled inference
INFO:reinforce.environment:

        episode 43/100 done
        loss:             0.7460
        model portfolio: +1.0484%
        buy and hold:    +17.7007%
        
INFO:reinforce.environment:episode 44/100 began
INFO:__main__:running scheduled inference
INFO:__main__:running scheduled training
INFO:__main__:there is another training thread running, wait for it to finish first
INFO:__main__:running scheduled inference
INFO:__main__:running scheduled inference
INFO:reinforce.environment:

        episode 44/100 done
        loss:             4.1878
        model portfolio: +6.8770%
        buy and hold:    +17.7007%
        
INFO:reinforce.environment:episode 45/100 began
INFO:__main__:running scheduled inference
INFO:__main__:running scheduled inference
INFO:reinforce.environment:

        episode 45/100 done
        loss:             6.3195
        model portfolio: +8.6328%
        buy and hold:    +17.7007%
        
INFO:reinforce.environment:episode 46/100 began
INFO:__main__:running scheduled inference
INFO:__main__:running scheduled inference
INFO:reinforce.environment:

        episode 46/100 done
        loss:            -5.3506
        model portfolio: -7.0746%
        buy and hold:    +17.7007%
        
INFO:reinforce.environment:episode 47/100 began
INFO:__main__:running scheduled inference
INFO:__main__:running scheduled inference
INFO:__main__:running scheduled inference
INFO:reinforce.environment:

        episode 47/100 done
        loss:             1.8599
        model portfolio: +2.2861%
        buy and hold:    +17.7007%
        
INFO:reinforce.environment:episode 48/100 began
INFO:__main__:running scheduled inference
INFO:__main__:running scheduled inference
INFO:reinforce.environment:

        episode 48/100 done
        loss:             1.8727
        model portfolio: +2.4290%
        buy and hold:    +17.7007%
        
INFO:reinforce.environment:episode 49/100 began
INFO:__main__:running scheduled inference
INFO:__main__:running scheduled inference
INFO:reinforce.environment:

        episode 49/100 done
        loss:             8.0459
        model portfolio: +10.6995%
        buy and hold:    +17.7007%
        
INFO:reinforce.environment:episode 50/100 began
INFO:__main__:running scheduled inference
INFO:__main__:running scheduled inference
INFO:reinforce.environment:

        episode 50/100 done
        loss:             3.9575
        model portfolio: +5.0838%
        buy and hold:    +17.7007%
        
INFO:__main__:running scheduled inference
INFO:reinforce.environment:episode 51/100 began
INFO:__main__:running scheduled inference
INFO:__main__:running scheduled inference
INFO:reinforce.environment:

        episode 51/100 done
        loss:            -2.3758
        model portfolio: -4.1180%
        buy and hold:    +17.7007%
        
INFO:reinforce.environment:episode 52/100 began
INFO:__main__:running scheduled inference
INFO:__main__:running scheduled inference
INFO:reinforce.environment:

        episode 52/100 done
        loss:             2.7073
        model portfolio: +3.0815%
        buy and hold:    +17.7007%
        
INFO:reinforce.environment:episode 53/100 began
INFO:__main__:running scheduled inference
INFO:__main__:running scheduled inference
INFO:reinforce.environment:

        episode 53/100 done
        loss:             3.7159
        model portfolio: +4.4996%
        buy and hold:    +17.7007%
        
INFO:reinforce.environment:episode 54/100 began
INFO:__main__:running scheduled inference
INFO:__main__:running scheduled inference
INFO:__main__:running scheduled inference
INFO:reinforce.environment:

        episode 54/100 done
        loss:             7.5846
        model portfolio: +10.8061%
        buy and hold:    +17.7007%
        
INFO:reinforce.environment:episode 55/100 began
INFO:__main__:running scheduled inference
INFO:__main__:running scheduled inference
INFO:reinforce.environment:

        episode 55/100 done
        loss:             1.1421
        model portfolio: +1.7997%
        buy and hold:    +17.7007%
        
INFO:reinforce.environment:episode 56/100 began
INFO:__main__:running scheduled inference
INFO:__main__:running scheduled inference
INFO:reinforce.environment:

        episode 56/100 done
        loss:            -2.8983
        model portfolio: -2.8080%
        buy and hold:    +17.7007%
        
INFO:reinforce.environment:episode 57/100 began
INFO:__main__:running scheduled inference
INFO:__main__:running scheduled inference
INFO:__main__:running scheduled inference
INFO:reinforce.environment:

        episode 57/100 done
        loss:             1.6952
        model portfolio: +2.1261%
        buy and hold:    +17.7007%
        
INFO:reinforce.environment:episode 58/100 began
INFO:__main__:running scheduled inference
INFO:__main__:running scheduled inference
INFO:reinforce.environment:

        episode 58/100 done
        loss:             3.2849
        model portfolio: +5.5484%
        buy and hold:    +17.7007%
        
INFO:reinforce.environment:episode 59/100 began
INFO:__main__:running scheduled inference
INFO:__main__:running scheduled inference
INFO:reinforce.environment:

        episode 59/100 done
        loss:             5.8001
        model portfolio: +6.4603%
        buy and hold:    +17.7007%
        
INFO:reinforce.environment:episode 60/100 began
INFO:__main__:running scheduled inference
INFO:__main__:running scheduled inference
INFO:__main__:running scheduled inference
INFO:reinforce.environment:

        episode 60/100 done
        loss:             1.2339
        model portfolio: +2.2630%
        buy and hold:    +17.7007%
        
INFO:reinforce.environment:episode 61/100 began
INFO:__main__:running scheduled inference
INFO:__main__:running scheduled inference
INFO:reinforce.environment:

        episode 61/100 done
        loss:             4.0427
        model portfolio: +5.7861%
        buy and hold:    +17.7007%
        
INFO:reinforce.environment:episode 62/100 began
INFO:__main__:running scheduled inference
INFO:__main__:running scheduled inference
INFO:reinforce.environment:

        episode 62/100 done
        loss:            -0.1254
        model portfolio: -0.5599%
        buy and hold:    +17.7007%
        
INFO:reinforce.environment:episode 63/100 began
INFO:__main__:running scheduled inference
INFO:__main__:running scheduled inference
INFO:reinforce.environment:

        episode 63/100 done
        loss:             3.1631
        model portfolio: +3.8999%
        buy and hold:    +17.7007%
        
INFO:reinforce.environment:episode 64/100 began
INFO:__main__:running scheduled inference
INFO:__main__:running scheduled inference
INFO:__main__:running scheduled inference
INFO:reinforce.environment:

        episode 64/100 done
        loss:            -3.6114
        model portfolio: -4.2738%
        buy and hold:    +17.7007%
        
INFO:reinforce.environment:episode 65/100 began
INFO:__main__:running scheduled inference
INFO:__main__:running scheduled inference
INFO:reinforce.environment:

        episode 65/100 done
        loss:             2.5834
        model portfolio: +3.4691%
        buy and hold:    +17.7007%
        
INFO:reinforce.environment:episode 66/100 began
INFO:__main__:running scheduled training
INFO:__main__:there is another training thread running, wait for it to finish first
INFO:__main__:running scheduled inference
INFO:__main__:running scheduled inference
INFO:reinforce.environment:

        episode 66/100 done
        loss:             6.9181
        model portfolio: +9.4989%
        buy and hold:    +17.7007%
        
INFO:reinforce.environment:episode 67/100 began
INFO:__main__:running scheduled inference
INFO:__main__:running scheduled inference
INFO:__main__:running scheduled inference
INFO:reinforce.environment:

        episode 67/100 done
        loss:             2.6769
        model portfolio: +3.5744%
        buy and hold:    +17.7007%
        
INFO:reinforce.environment:episode 68/100 began
INFO:__main__:running scheduled inference
INFO:__main__:running scheduled inference
INFO:reinforce.environment:

        episode 68/100 done
        loss:             1.0350
        model portfolio: +1.5122%
        buy and hold:    +17.7007%
        
INFO:reinforce.environment:episode 69/100 began
INFO:__main__:running scheduled inference
INFO:__main__:running scheduled inference
INFO:reinforce.environment:

        episode 69/100 done
        loss:            -3.5672
        model portfolio: -5.1364%
        buy and hold:    +17.7007%
        
INFO:reinforce.environment:episode 70/100 began
INFO:__main__:running scheduled inference
INFO:__main__:running scheduled inference
INFO:__main__:running scheduled inference
INFO:reinforce.environment:

        episode 70/100 done
        loss:             2.9538
        model portfolio: +3.4679%
        buy and hold:    +17.7007%
        
INFO:reinforce.environment:episode 71/100 began
INFO:__main__:running scheduled inference
INFO:__main__:running scheduled inference
INFO:reinforce.environment:

        episode 71/100 done
        loss:             7.7592
        model portfolio: +11.8525%
        buy and hold:    +17.7007%
        
INFO:reinforce.environment:episode 72/100 began
INFO:__main__:running scheduled inference
INFO:__main__:running scheduled inference
INFO:reinforce.environment:

        episode 72/100 done
        loss:             12.4785
        model portfolio: +16.8517%
        buy and hold:    +17.7007%
        
INFO:reinforce.environment:episode 73/100 began
INFO:__main__:running scheduled inference
INFO:__main__:running scheduled inference
INFO:__main__:running scheduled inference
INFO:reinforce.environment:

        episode 73/100 done
        loss:             4.6161
        model portfolio: +6.5543%
        buy and hold:    +17.7007%
        
INFO:reinforce.environment:episode 74/100 began
INFO:__main__:running scheduled inference
INFO:__main__:running scheduled inference
INFO:reinforce.environment:

        episode 74/100 done
        loss:            -0.4095
        model portfolio: -1.8312%
        buy and hold:    +17.7007%
        
INFO:reinforce.environment:episode 75/100 began
INFO:__main__:running scheduled inference
INFO:__main__:running scheduled inference
INFO:reinforce.environment:

        episode 75/100 done
        loss:            -0.3097
        model portfolio: +0.4126%
        buy and hold:    +17.7007%
        
INFO:reinforce.environment:episode 76/100 began
INFO:__main__:running scheduled inference
INFO:__main__:running scheduled inference
INFO:reinforce.environment:

        episode 76/100 done
        loss:             3.0249
        model portfolio: +4.7563%
        buy and hold:    +17.7007%
        
INFO:reinforce.environment:episode 77/100 began
INFO:__main__:running scheduled inference
INFO:__main__:running scheduled inference
INFO:__main__:running scheduled inference
INFO:reinforce.environment:

        episode 77/100 done
        loss:            -4.5708
        model portfolio: -5.0892%
        buy and hold:    +17.7007%
        
INFO:reinforce.environment:episode 78/100 began
INFO:__main__:running scheduled inference
INFO:__main__:running scheduled inference
INFO:reinforce.environment:

        episode 78/100 done
        loss:             13.2300
        model portfolio: +19.2348%
        buy and hold:    +17.7007%
        
INFO:reinforce.environment:target reached, best episode achieved +19.2348%, exiting.
INFO:__main__:model updated successfully
INFO:__main__:running scheduled inference
INFO:__main__:running scheduled inference
INFO:__main__:running scheduled inference
INFO:__main__:running scheduled inference
INFO:__main__:running scheduled inference
INFO:__main__:running scheduled inference
INFO:__main__:running scheduled inference
INFO:__main__:running scheduled inference
INFO:__main__:running scheduled inference
INFO:__main__:running scheduled inference
INFO:__main__:running scheduled inference
INFO:__main__:running scheduled inference
INFO:__main__:running scheduled inference
INFO:__main__:running scheduled inference
INFO:__main__:running scheduled inference
INFO:__main__:running scheduled inference
INFO:__main__:running scheduled inference
INFO:__main__:running scheduled inference
INFO:__main__:running scheduled inference
INFO:__main__:running scheduled inference
INFO:__main__:running scheduled training
INFO:reinforce.environment:training starts
INFO:__main__:training started, thread id: <Thread(Thread-230 (_train), started 6384922624)>
INFO:reinforce.environment:episode 1/100 began
INFO:__main__:running scheduled inference
INFO:__main__:running scheduled inference
INFO:__main__:running scheduled inference
INFO:__main__:running scheduled inference
INFO:__main__:running scheduled inference
INFO:__main__:running scheduled inference
INFO:reinforce.environment:

        episode 1/100 done
        loss:            -5.0838
        model portfolio: -2.4855%
        buy and hold:    +6.4570%
        
INFO:reinforce.environment:episode 2/100 began
INFO:__main__:running scheduled inference
INFO:__main__:running scheduled inference
INFO:__main__:running scheduled inference
INFO:__main__:running scheduled inference
INFO:__main__:running scheduled inference
INFO:reinforce.environment:

        episode 2/100 done
        loss:            -2.3022
        model portfolio: -1.2454%
        buy and hold:    +6.4570%
        
INFO:reinforce.environment:episode 3/100 began
INFO:__main__:running scheduled inference
INFO:__main__:running scheduled inference
INFO:__main__:running scheduled inference
INFO:__main__:running scheduled inference
INFO:__main__:running scheduled inference
INFO:__main__:running scheduled inference
INFO:reinforce.environment:

        episode 3/100 done
        loss:            -14.4989
        model portfolio: -6.8650%
        buy and hold:    +6.4570%
        
INFO:reinforce.environment:episode 4/100 began
INFO:__main__:running scheduled inference
INFO:__main__:running scheduled inference
INFO:__main__:running scheduled inference
INFO:__main__:running scheduled inference
INFO:__main__:running scheduled inference
INFO:reinforce.environment:

        episode 4/100 done
        loss:            -6.5291
        model portfolio: -3.2199%
        buy and hold:    +6.4570%
        
INFO:reinforce.environment:episode 5/100 began
INFO:__main__:running scheduled inference
INFO:__main__:running scheduled inference
INFO:__main__:running scheduled inference
INFO:__main__:running scheduled inference
INFO:__main__:running scheduled inference
INFO:__main__:running scheduled inference
INFO:reinforce.environment:

        episode 5/100 done
        loss:             8.4517
        model portfolio: +4.5374%
        buy and hold:    +6.4570%
        
INFO:reinforce.environment:episode 6/100 began
INFO:__main__:running scheduled inference
INFO:__main__:running scheduled inference
INFO:__main__:running scheduled inference
INFO:__main__:running scheduled inference
INFO:__main__:running scheduled inference
INFO:reinforce.environment:

        episode 6/100 done
        loss:             3.5339
        model portfolio: +2.0387%
        buy and hold:    +6.4570%
        
INFO:reinforce.environment:episode 7/100 began
INFO:__main__:running scheduled inference
INFO:__main__:running scheduled inference
INFO:__main__:running scheduled inference
INFO:__main__:running scheduled inference
INFO:__main__:running scheduled inference
INFO:__main__:running scheduled inference
INFO:reinforce.environment:

        episode 7/100 done
        loss:             3.7654
        model portfolio: +2.3344%
        buy and hold:    +6.4570%
        
INFO:reinforce.environment:episode 8/100 began
INFO:__main__:running scheduled inference
INFO:__main__:running scheduled inference
INFO:__main__:running scheduled inference
INFO:__main__:running scheduled inference
INFO:__main__:running scheduled inference
INFO:reinforce.environment:

        episode 8/100 done
        loss:             24.5400
        model portfolio: +13.8782%
        buy and hold:    +6.4570%
        
INFO:reinforce.environment:episode 9/100 began
INFO:__main__:running scheduled inference
INFO:__main__:running scheduled inference
INFO:__main__:running scheduled inference
INFO:__main__:running scheduled inference
INFO:__main__:running scheduled inference
INFO:reinforce.environment:

        episode 9/100 done
        loss:             20.6093
        model portfolio: +12.3819%
        buy and hold:    +6.4570%
        
INFO:reinforce.environment:episode 10/100 began
INFO:__main__:running scheduled inference
INFO:__main__:running scheduled training
INFO:__main__:there is another training thread running, wait for it to finish first
INFO:__main__:running scheduled inference
INFO:__main__:running scheduled inference
INFO:__main__:running scheduled inference
INFO:__main__:running scheduled inference
INFO:__main__:running scheduled inference
INFO:reinforce.environment:

        episode 10/100 done
        loss:             5.7220
        model portfolio: +2.9413%
        buy and hold:    +6.4570%
        
INFO:reinforce.environment:episode 11/100 began
INFO:__main__:running scheduled inference
INFO:__main__:running scheduled inference
INFO:__main__:running scheduled inference
INFO:__main__:running scheduled inference
INFO:__main__:running scheduled inference
INFO:reinforce.environment:

        episode 11/100 done
        loss:            -0.7309
        model portfolio: +0.1191%
        buy and hold:    +6.4570%
        
INFO:reinforce.environment:episode 12/100 began
INFO:__main__:running scheduled inference
INFO:__main__:running scheduled inference
INFO:__main__:running scheduled inference
INFO:__main__:running scheduled inference
INFO:__main__:running scheduled inference
INFO:__main__:running scheduled inference
INFO:reinforce.environment:

        episode 12/100 done
        loss:             11.4465
        model portfolio: +6.2345%
        buy and hold:    +6.4570%
        
INFO:reinforce.environment:episode 13/100 began
INFO:__main__:running scheduled inference
INFO:__main__:running scheduled inference
INFO:__main__:running scheduled inference
INFO:__main__:running scheduled inference
INFO:__main__:running scheduled inference
INFO:reinforce.environment:

        episode 13/100 done
        loss:             4.7345
        model portfolio: +2.4964%
        buy and hold:    +6.4570%
        
INFO:reinforce.environment:episode 14/100 began
INFO:__main__:running scheduled inference
INFO:__main__:running scheduled inference
INFO:__main__:running scheduled inference
INFO:__main__:running scheduled inference
INFO:__main__:running scheduled inference
INFO:__main__:running scheduled inference
INFO:reinforce.environment:

        episode 14/100 done
        loss:            -19.7976
        model portfolio: -9.9627%
        buy and hold:    +6.4570%
        
INFO:reinforce.environment:episode 15/100 began
INFO:__main__:running scheduled inference
INFO:__main__:running scheduled inference
INFO:__main__:running scheduled inference
INFO:__main__:running scheduled inference
INFO:__main__:running scheduled inference
INFO:reinforce.environment:

        episode 15/100 done
        loss:             7.7311
        model portfolio: +4.0640%
        buy and hold:    +6.4570%
        
INFO:reinforce.environment:episode 16/100 began
INFO:__main__:running scheduled inference
INFO:__main__:running scheduled inference
INFO:__main__:running scheduled inference
INFO:__main__:running scheduled inference
INFO:__main__:running scheduled inference
INFO:reinforce.environment:

        episode 16/100 done
        loss:             7.4741
        model portfolio: +4.4221%
        buy and hold:    +6.4570%
        
INFO:reinforce.environment:episode 17/100 began
INFO:__main__:running scheduled inference
INFO:__main__:running scheduled inference
INFO:__main__:running scheduled inference
INFO:__main__:running scheduled inference
INFO:__main__:running scheduled inference
INFO:reinforce.environment:

        episode 17/100 done
        loss:             11.9264
        model portfolio: +6.7923%
        buy and hold:    +6.4570%
        
INFO:reinforce.environment:target reached, best episode achieved +13.8782%, exiting.
INFO:__main__:model updated successfully
INFO:__main__:running scheduled inference
INFO:__main__:running scheduled inference
INFO:__main__:running scheduled inference
INFO:__main__:running scheduled inference
INFO:__main__:running scheduled inference
INFO:__main__:running scheduled inference
INFO:__main__:running scheduled inference
INFO:__main__:running scheduled inference
INFO:__main__:running scheduled training
INFO:reinforce.environment:training starts
INFO:__main__:training started, thread id: <Thread(Thread-331 (_train), started 13465890816)>
INFO:reinforce.environment:episode 1/100 began
INFO:__main__:running scheduled inference
INFO:__main__:running scheduled inference
INFO:__main__:running scheduled inference
INFO:__main__:running scheduled inference
INFO:__main__:running scheduled inference
INFO:__main__:running scheduled inference
INFO:__main__:running scheduled inference
INFO:__main__:running scheduled inference
INFO:reinforce.environment:

        episode 1/100 done
        loss:             9.2042
        model portfolio: +4.2042%
        buy and hold:    +15.5811%
        
INFO:reinforce.environment:episode 2/100 began
INFO:__main__:running scheduled inference
INFO:__main__:running scheduled inference
INFO:__main__:running scheduled inference
INFO:__main__:running scheduled inference
INFO:__main__:running scheduled inference
INFO:__main__:running scheduled inference
INFO:__main__:running scheduled inference
INFO:__main__:running scheduled inference
INFO:reinforce.environment:

        episode 2/100 done
        loss:            -7.7836
        model portfolio: -2.8338%
        buy and hold:    +15.5811%
        
INFO:reinforce.environment:episode 3/100 began
INFO:__main__:running scheduled inference
INFO:__main__:running scheduled inference
INFO:__main__:running scheduled inference
INFO:__main__:running scheduled inference
INFO:__main__:running scheduled inference
INFO:__main__:running scheduled inference
INFO:__main__:running scheduled inference
INFO:reinforce.environment:

        episode 3/100 done
        loss:             11.2342
        model portfolio: +5.0639%
        buy and hold:    +15.5811%
        
INFO:reinforce.environment:episode 4/100 began
INFO:__main__:running scheduled inference
INFO:__main__:running scheduled inference
INFO:__main__:running scheduled inference
INFO:__main__:running scheduled inference
INFO:__main__:running scheduled inference
INFO:__main__:running scheduled inference
INFO:__main__:running scheduled inference
INFO:reinforce.environment:

        episode 4/100 done
        loss:            -12.6718
        model portfolio: -5.0276%
        buy and hold:    +15.5811%
        
INFO:reinforce.environment:episode 5/100 began
INFO:__main__:running scheduled inference
INFO:__main__:running scheduled inference
INFO:__main__:running scheduled inference
INFO:__main__:running scheduled inference
INFO:__main__:running scheduled inference
INFO:__main__:running scheduled inference
INFO:__main__:running scheduled inference
INFO:reinforce.environment:

        episode 5/100 done
        loss:             18.6430
        model portfolio: +7.6371%
        buy and hold:    +15.5811%
        
INFO:reinforce.environment:episode 6/100 began
INFO:__main__:running scheduled inference
INFO:__main__:running scheduled inference
INFO:__main__:running scheduled inference
INFO:__main__:running scheduled inference
INFO:__main__:running scheduled inference
INFO:__main__:running scheduled inference
INFO:__main__:running scheduled inference
INFO:reinforce.environment:

        episode 6/100 done
        loss:            -38.7101
        model portfolio: -14.2201%
        buy and hold:    +15.5811%
        
INFO:reinforce.environment:episode 7/100 began
INFO:__main__:running scheduled inference
INFO:__main__:running scheduled inference
INFO:__main__:running scheduled inference
INFO:__main__:running scheduled inference
INFO:__main__:running scheduled inference
INFO:__main__:running scheduled inference
INFO:__main__:running scheduled training
INFO:__main__:there is another training thread running, wait for it to finish first
INFO:__main__:running scheduled inference
INFO:reinforce.environment:

        episode 7/100 done
        loss:            -14.2112
        model portfolio: -4.9698%
        buy and hold:    +15.5811%
        
INFO:reinforce.environment:episode 8/100 began
INFO:__main__:running scheduled inference
INFO:__main__:running scheduled inference
INFO:__main__:running scheduled inference
INFO:__main__:running scheduled inference
INFO:__main__:running scheduled inference
INFO:__main__:running scheduled inference
INFO:__main__:running scheduled inference
INFO:reinforce.environment:

        episode 8/100 done
        loss:             42.2548
        model portfolio: +19.7122%
        buy and hold:    +15.5811%
        
INFO:reinforce.environment:episode 9/100 began
INFO:__main__:running scheduled inference
INFO:__main__:running scheduled inference
INFO:__main__:running scheduled inference
INFO:__main__:running scheduled inference
INFO:__main__:running scheduled inference
INFO:__main__:running scheduled inference
INFO:__main__:running scheduled inference
INFO:reinforce.environment:

        episode 9/100 done
        loss:             2.2899
        model portfolio: +2.0715%
        buy and hold:    +15.5811%
        
INFO:reinforce.environment:episode 10/100 began
INFO:__main__:running scheduled inference
INFO:__main__:running scheduled inference
INFO:__main__:running scheduled inference
INFO:__main__:running scheduled inference
INFO:__main__:running scheduled inference
INFO:__main__:running scheduled inference
INFO:__main__:running scheduled inference
INFO:reinforce.environment:

        episode 10/100 done
        loss:            -5.0853
        model portfolio: -2.0826%
        buy and hold:    +15.5811%
        
INFO:reinforce.environment:episode 11/100 began
INFO:__main__:running scheduled inference
INFO:__main__:running scheduled inference
INFO:__main__:running scheduled inference
INFO:__main__:running scheduled inference
INFO:__main__:running scheduled inference
INFO:__main__:running scheduled inference
INFO:__main__:running scheduled inference
INFO:reinforce.environment:

        episode 11/100 done
        loss:             33.5603
        model portfolio: +15.0391%
        buy and hold:    +15.5811%
        
INFO:reinforce.environment:episode 12/100 began
INFO:__main__:running scheduled inference
INFO:__main__:running scheduled inference
INFO:__main__:running scheduled inference
INFO:__main__:running scheduled inference
INFO:__main__:running scheduled inference
INFO:__main__:running scheduled inference
INFO:__main__:running scheduled inference
INFO:reinforce.environment:

        episode 12/100 done
        loss:            -18.6875
        model portfolio: -7.3232%
        buy and hold:    +15.5811%
        
INFO:reinforce.environment:episode 13/100 began
INFO:__main__:running scheduled inference
INFO:__main__:running scheduled inference
INFO:__main__:running scheduled inference
INFO:__main__:running scheduled inference
INFO:__main__:running scheduled inference
INFO:__main__:running scheduled inference
INFO:__main__:running scheduled inference
INFO:reinforce.environment:

        episode 13/100 done
        loss:             2.2502
        model portfolio: +0.8749%
        buy and hold:    +15.5811%
        
INFO:reinforce.environment:episode 14/100 began
INFO:__main__:running scheduled inference
INFO:__main__:running scheduled inference
INFO:__main__:running scheduled inference
INFO:__main__:running scheduled inference
INFO:__main__:running scheduled inference
INFO:__main__:running scheduled inference
INFO:__main__:running scheduled inference
INFO:reinforce.environment:

        episode 14/100 done
        loss:             46.9853
        model portfolio: +21.3114%
        buy and hold:    +15.5811%
        
INFO:reinforce.environment:target reached, best episode achieved +21.3114%, exiting.
INFO:__main__:running scheduled training
INFO:reinforce.environment:training starts
INFO:__main__:training started, thread id: <Thread(Thread-432 (_train), started 13465841664)>
INFO:reinforce.environment:episode 1/100 began
INFO:__main__:running scheduled inference
INFO:__main__:running scheduled inference
INFO:__main__:running scheduled inference
INFO:__main__:running scheduled inference
INFO:__main__:running scheduled inference
INFO:__main__:running scheduled inference
INFO:__main__:running scheduled inference
INFO:__main__:running scheduled inference
INFO:__main__:running scheduled inference
INFO:reinforce.environment:

        episode 1/100 done
        loss:             48.1054
        model portfolio: +17.9325%
        buy and hold:    +0.3930%
        
INFO:reinforce.environment:episode 2/100 began
INFO:__main__:running scheduled inference
INFO:__main__:running scheduled inference
INFO:__main__:running scheduled inference
INFO:__main__:running scheduled inference
INFO:__main__:running scheduled inference
INFO:__main__:running scheduled inference
INFO:__main__:running scheduled inference
INFO:__main__:running scheduled inference
INFO:__main__:running scheduled inference
INFO:reinforce.environment:

        episode 2/100 done
        loss:             9.5946
        model portfolio: +3.3653%
        buy and hold:    +0.3930%
        
INFO:reinforce.environment:episode 3/100 began
INFO:__main__:running scheduled inference
INFO:__main__:running scheduled inference
INFO:__main__:running scheduled inference
INFO:__main__:running scheduled inference
INFO:__main__:running scheduled inference
INFO:__main__:running scheduled inference
INFO:__main__:running scheduled inference
INFO:__main__:running scheduled inference
INFO:reinforce.environment:

        episode 3/100 done
        loss:            -43.4231
        model portfolio: -13.2012%
        buy and hold:    +0.3930%
        
INFO:reinforce.environment:episode 4/100 began
INFO:__main__:running scheduled inference
INFO:__main__:running scheduled inference
INFO:__main__:running scheduled inference
INFO:__main__:running scheduled inference
INFO:__main__:running scheduled inference
INFO:__main__:running scheduled inference
INFO:__main__:running scheduled inference
INFO:__main__:running scheduled inference
INFO:__main__:running scheduled inference
INFO:reinforce.environment:

        episode 4/100 done
        loss:             18.9521
        model portfolio: +6.5544%
        buy and hold:    +0.3930%
        
INFO:reinforce.environment:episode 5/100 began
INFO:__main__:running scheduled inference
INFO:__main__:running scheduled inference
INFO:__main__:running scheduled inference
INFO:__main__:running scheduled inference
INFO:__main__:running scheduled inference
INFO:__main__:running scheduled inference
INFO:__main__:running scheduled inference
INFO:__main__:running scheduled inference
INFO:reinforce.environment:

        episode 5/100 done
        loss:             8.8630
        model portfolio: +3.3903%
        buy and hold:    +0.3930%
        
INFO:__main__:running scheduled inference
INFO:reinforce.environment:episode 6/100 began
INFO:__main__:running scheduled inference
INFO:__main__:running scheduled inference
INFO:__main__:running scheduled inference
INFO:__main__:running scheduled inference
INFO:__main__:running scheduled inference
INFO:__main__:running scheduled inference
INFO:__main__:running scheduled training
INFO:__main__:there is another training thread running, wait for it to finish first
INFO:__main__:running scheduled inference
INFO:__main__:running scheduled inference
INFO:reinforce.environment:

        episode 6/100 done
        loss:            -6.2950
        model portfolio: -1.5440%
        buy and hold:    +0.3930%
        
INFO:reinforce.environment:episode 7/100 began
INFO:__main__:running scheduled inference
INFO:__main__:running scheduled inference
INFO:__main__:running scheduled inference
INFO:__main__:running scheduled inference
INFO:__main__:running scheduled inference
INFO:__main__:running scheduled inference
INFO:__main__:running scheduled inference
INFO:__main__:running scheduled inference
INFO:__main__:running scheduled inference
INFO:reinforce.environment:

        episode 7/100 done
        loss:            -10.9832
        model portfolio: -3.1239%
        buy and hold:    +0.3930%
        
INFO:reinforce.environment:episode 8/100 began
INFO:__main__:running scheduled inference
INFO:__main__:running scheduled inference
INFO:__main__:running scheduled inference
INFO:__main__:running scheduled inference
INFO:__main__:running scheduled inference
INFO:__main__:running scheduled inference
INFO:__main__:running scheduled inference
INFO:__main__:running scheduled inference
INFO:reinforce.environment:

        episode 8/100 done
        loss:            -26.2610
        model portfolio: -8.0798%
        buy and hold:    +0.3930%
        
INFO:reinforce.environment:episode 9/100 began
INFO:__main__:running scheduled inference
INFO:__main__:running scheduled inference
INFO:__main__:running scheduled inference
INFO:__main__:running scheduled inference
INFO:__main__:running scheduled inference
INFO:__main__:running scheduled inference
INFO:__main__:running scheduled inference
INFO:__main__:running scheduled inference
INFO:__main__:running scheduled inference
INFO:reinforce.environment:

        episode 9/100 done
        loss:             12.7222
        model portfolio: +4.5353%
        buy and hold:    +0.3930%
        
INFO:reinforce.environment:episode 10/100 began
INFO:__main__:running scheduled inference
INFO:__main__:running scheduled inference
INFO:__main__:running scheduled inference
INFO:__main__:running scheduled inference
INFO:__main__:running scheduled inference
INFO:__main__:running scheduled inference
INFO:__main__:running scheduled inference
INFO:__main__:running scheduled inference
INFO:reinforce.environment:

        episode 10/100 done
        loss:            -3.7086
        model portfolio: -1.1927%
        buy and hold:    +0.3930%
        
INFO:reinforce.environment:episode 11/100 began
INFO:__main__:running scheduled inference
INFO:__main__:running scheduled inference
INFO:__main__:running scheduled inference
INFO:__main__:running scheduled inference
INFO:__main__:running scheduled inference
INFO:__main__:running scheduled inference
INFO:__main__:running scheduled inference
INFO:__main__:running scheduled inference
INFO:__main__:running scheduled inference
INFO:reinforce.environment:

        episode 11/100 done
        loss:             15.9175
        model portfolio: +6.0313%
        buy and hold:    +0.3930%
        
INFO:reinforce.environment:target reached, best episode achieved +17.9325%, exiting.
INFO:__main__:model updated successfully
INFO:__main__:running scheduled inference
INFO:__main__:running scheduled inference
INFO:__main__:running scheduled inference
INFO:__main__:running scheduled inference
INFO:__main__:running scheduled inference
INFO:__main__:running scheduled training
INFO:reinforce.environment:training starts
INFO:__main__:training started, thread id: <Thread(Thread-533 (_train), started 13807677440)>
INFO:reinforce.environment:episode 1/100 began
INFO:__main__:running scheduled inference
INFO:__main__:running scheduled inference
INFO:__main__:running scheduled inference
INFO:__main__:running scheduled inference
INFO:__main__:running scheduled inference
INFO:__main__:running scheduled inference
INFO:__main__:running scheduled inference
INFO:__main__:running scheduled inference
INFO:__main__:running scheduled inference
INFO:__main__:running scheduled inference
INFO:__main__:running scheduled inference
INFO:reinforce.environment:

        episode 1/100 done
        loss:             40.2233
        model portfolio: +12.4670%
        buy and hold:    -3.4812%
        
INFO:reinforce.environment:episode 2/100 began
INFO:__main__:running scheduled inference
INFO:__main__:running scheduled inference
INFO:__main__:running scheduled inference
INFO:__main__:running scheduled inference
INFO:__main__:running scheduled inference
INFO:__main__:running scheduled inference
INFO:__main__:running scheduled inference
INFO:__main__:running scheduled inference
INFO:__main__:running scheduled inference
INFO:__main__:running scheduled inference
INFO:reinforce.environment:

        episode 2/100 done
        loss:            -71.6952
        model portfolio: -18.4496%
        buy and hold:    -3.4812%
        
INFO:reinforce.environment:episode 3/100 began
INFO:__main__:running scheduled inference
INFO:__main__:running scheduled inference
INFO:__main__:running scheduled inference
INFO:__main__:running scheduled inference
INFO:__main__:running scheduled inference
INFO:__main__:running scheduled inference
INFO:__main__:running scheduled inference
INFO:__main__:running scheduled inference
INFO:__main__:running scheduled inference
INFO:__main__:running scheduled inference
INFO:reinforce.environment:

        episode 3/100 done
        loss:            -15.2725
        model portfolio: -4.2037%
        buy and hold:    -3.4812%
        
INFO:reinforce.environment:episode 4/100 began
INFO:__main__:running scheduled inference
INFO:__main__:running scheduled inference
INFO:__main__:running scheduled inference
INFO:__main__:running scheduled inference
INFO:__main__:running scheduled inference
INFO:__main__:running scheduled inference
INFO:__main__:running scheduled inference
INFO:__main__:running scheduled inference
INFO:__main__:running scheduled inference
INFO:__main__:running scheduled inference
INFO:reinforce.environment:

        episode 4/100 done
        loss:            -35.4819
        model portfolio: -8.9207%
        buy and hold:    -3.4812%
        
INFO:reinforce.environment:episode 5/100 began
INFO:__main__:running scheduled inference
INFO:__main__:running scheduled inference
INFO:__main__:running scheduled inference
INFO:__main__:running scheduled inference
INFO:__main__:running scheduled inference
INFO:__main__:running scheduled inference
INFO:__main__:running scheduled inference
INFO:__main__:running scheduled inference
INFO:__main__:running scheduled inference
INFO:__main__:running scheduled training
INFO:__main__:there is another training thread running, wait for it to finish first
INFO:__main__:running scheduled inference
INFO:reinforce.environment:

        episode 5/100 done
        loss:            -14.9142
        model portfolio: -3.5547%
        buy and hold:    -3.4812%
        
INFO:reinforce.environment:episode 6/100 began
INFO:__main__:running scheduled inference
INFO:__main__:running scheduled inference
INFO:__main__:running scheduled inference
INFO:__main__:running scheduled inference
INFO:__main__:running scheduled inference
INFO:__main__:running scheduled inference
INFO:__main__:running scheduled inference
INFO:__main__:running scheduled inference
INFO:__main__:running scheduled inference
INFO:__main__:running scheduled inference
INFO:reinforce.environment:

        episode 6/100 done
        loss:            -3.1326
        model portfolio: -0.3539%
        buy and hold:    -3.4812%
        
INFO:reinforce.environment:episode 7/100 began
INFO:__main__:running scheduled inference
INFO:__main__:running scheduled inference
INFO:__main__:running scheduled inference
INFO:__main__:running scheduled inference
INFO:__main__:running scheduled inference
INFO:__main__:running scheduled inference
INFO:__main__:running scheduled inference
INFO:__main__:running scheduled inference
INFO:__main__:running scheduled inference
INFO:__main__:running scheduled inference
INFO:__main__:running scheduled inference
INFO:reinforce.environment:

        episode 7/100 done
        loss:            -42.6153
        model portfolio: -11.6237%
        buy and hold:    -3.4812%
        
INFO:reinforce.environment:episode 8/100 began
INFO:__main__:running scheduled inference
INFO:__main__:running scheduled inference
INFO:__main__:running scheduled inference
INFO:__main__:running scheduled inference
INFO:__main__:running scheduled inference
INFO:reinforce.environment:portfolio threshold hit, episode done
INFO:reinforce.environment:

        episode 8/100 done
        loss:            -52.6307
        model portfolio: -22.7259%
        buy and hold:    -3.4812%
        
INFO:__main__:running scheduled inference
INFO:reinforce.environment:episode 9/100 began
INFO:__main__:running scheduled inference
INFO:__main__:running scheduled inference
INFO:__main__:running scheduled inference
INFO:__main__:running scheduled inference
INFO:__main__:running scheduled inference
INFO:__main__:running scheduled inference
INFO:__main__:running scheduled inference
INFO:__main__:running scheduled inference
INFO:__main__:running scheduled inference
INFO:__main__:running scheduled inference
INFO:reinforce.environment:

        episode 9/100 done
        loss:             39.0277
        model portfolio: +12.3205%
        buy and hold:    -3.4812%
        
INFO:reinforce.environment:episode 10/100 began
INFO:__main__:running scheduled inference
INFO:__main__:running scheduled inference
INFO:__main__:running scheduled inference
INFO:__main__:running scheduled inference
INFO:__main__:running scheduled inference
INFO:__main__:running scheduled inference
INFO:__main__:running scheduled inference
INFO:__main__:running scheduled inference
INFO:__main__:running scheduled inference
INFO:__main__:running scheduled inference
INFO:reinforce.environment:

        episode 10/100 done
        loss:             13.5746
        model portfolio: +3.7520%
        buy and hold:    -3.4812%
        
INFO:reinforce.environment:target reached, best episode achieved +12.4670%, exiting.
INFO:__main__:running scheduled inference
INFO:__main__:running scheduled inference
INFO:__main__:running scheduled training
INFO:reinforce.environment:training starts
INFO:__main__:training started, thread id: <Thread(Thread-634 (_train), started 14009053184)>
INFO:reinforce.environment:episode 1/100 began
INFO:__main__:running scheduled inference
INFO:__main__:running scheduled inference
INFO:__main__:running scheduled inference
INFO:__main__:running scheduled inference
INFO:__main__:running scheduled inference
INFO:__main__:running scheduled inference
INFO:__main__:running scheduled inference
INFO:__main__:running scheduled inference
INFO:__main__:running scheduled inference
INFO:__main__:running scheduled inference
INFO:__main__:running scheduled inference
INFO:__main__:running scheduled inference
INFO:reinforce.environment:

        episode 1/100 done
        loss:            -51.1752
        model portfolio: -11.3097%
        buy and hold:    +3.8228%
        
INFO:reinforce.environment:episode 2/100 began
INFO:__main__:running scheduled inference
INFO:__main__:running scheduled inference
INFO:__main__:running scheduled inference
INFO:__main__:running scheduled inference
INFO:__main__:running scheduled inference
INFO:__main__:running scheduled inference
INFO:__main__:running scheduled inference
INFO:__main__:running scheduled inference
INFO:__main__:running scheduled inference
INFO:__main__:running scheduled inference
INFO:__main__:running scheduled inference
INFO:__main__:running scheduled inference
INFO:reinforce.environment:

        episode 2/100 done
        loss:             91.0306
        model portfolio: +25.7414%
        buy and hold:    +3.8228%
        
INFO:reinforce.environment:episode 3/100 began
INFO:__main__:running scheduled inference
INFO:__main__:running scheduled inference
INFO:__main__:running scheduled inference
INFO:__main__:running scheduled inference
INFO:__main__:running scheduled inference
INFO:__main__:running scheduled inference
INFO:__main__:running scheduled inference
INFO:__main__:running scheduled inference
INFO:__main__:running scheduled inference
INFO:__main__:running scheduled inference
INFO:__main__:running scheduled inference
INFO:reinforce.environment:

        episode 3/100 done
        loss:             59.7304
        model portfolio: +16.5074%
        buy and hold:    +3.8228%
        
INFO:reinforce.environment:episode 4/100 began
INFO:__main__:running scheduled inference
INFO:__main__:running scheduled inference
INFO:__main__:running scheduled inference
INFO:__main__:running scheduled inference
INFO:__main__:running scheduled inference
INFO:__main__:running scheduled inference
INFO:__main__:running scheduled inference
INFO:__main__:running scheduled inference
INFO:__main__:running scheduled inference
INFO:__main__:running scheduled inference
INFO:__main__:running scheduled inference
INFO:__main__:running scheduled inference
INFO:reinforce.environment:

        episode 4/100 done
        loss:             30.5860
        model portfolio: +8.4664%
        buy and hold:    +3.8228%
        
INFO:reinforce.environment:episode 5/100 began
INFO:__main__:running scheduled inference
INFO:__main__:running scheduled inference
INFO:__main__:running scheduled inference
INFO:__main__:running scheduled training
INFO:__main__:there is another training thread running, wait for it to finish first
INFO:__main__:running scheduled inference
INFO:__main__:running scheduled inference
INFO:__main__:running scheduled inference
INFO:__main__:running scheduled inference
INFO:__main__:running scheduled inference
INFO:__main__:running scheduled inference
INFO:__main__:running scheduled inference
INFO:__main__:running scheduled inference
INFO:__main__:running scheduled inference
INFO:reinforce.environment:

        episode 5/100 done
        loss:             2.6087
        model portfolio: +1.3535%
        buy and hold:    +3.8228%
        
INFO:reinforce.environment:episode 6/100 began
INFO:__main__:running scheduled inference
INFO:__main__:running scheduled inference
INFO:__main__:running scheduled inference
INFO:__main__:running scheduled inference
INFO:__main__:running scheduled inference
INFO:__main__:running scheduled inference
INFO:__main__:running scheduled inference
INFO:__main__:running scheduled inference
INFO:__main__:running scheduled inference
INFO:__main__:running scheduled inference
INFO:__main__:running scheduled inference
INFO:__main__:running scheduled inference
INFO:reinforce.environment:

        episode 6/100 done
        loss:            -45.0025
        model portfolio: -10.5340%
        buy and hold:    +3.8228%
        
INFO:reinforce.environment:episode 7/100 began
INFO:__main__:running scheduled inference
INFO:__main__:running scheduled inference
INFO:__main__:running scheduled inference
INFO:__main__:running scheduled inference
INFO:__main__:running scheduled inference
INFO:__main__:running scheduled inference
INFO:__main__:running scheduled inference
INFO:__main__:running scheduled inference
INFO:__main__:running scheduled inference
INFO:__main__:running scheduled inference
INFO:__main__:running scheduled inference
ERROR:__main__:
INFO:__main__:running scheduled inference
INFO:reinforce.environment:

        episode 7/100 done
        loss:             11.4871
        model portfolio: +3.2770%
        buy and hold:    +3.8228%
        
INFO:reinforce.environment:episode 8/100 began
INFO:__main__:not live data, connecting to db data/examples/TQQQ.db
INFO:__main__:starting timer thread
INFO:reinforce.environment:training starts
INFO:__main__:training started, thread id: <Thread(Thread-2 (_train), started 6359117824)>
INFO:__main__:running scheduled inference
WARNING:__main__:model not ready, not running inference
INFO:reinforce.environment:episode 1/100 began
INFO:__main__:running scheduled inference
WARNING:__main__:model not ready, not running inference
INFO:reinforce.environment:

        episode 1/100 done
        loss:            -1.0129
        model portfolio: 0.0000%
        buy and hold:    +11.1735%
        
INFO:reinforce.environment:episode 2/100 began
ERROR:__main__:
INFO:__main__:running scheduled inference
WARNING:__main__:model not ready, not running inference
INFO:reinforce.environment:

        episode 2/100 done
        loss:             0.3789
        model portfolio: +1.2201%
        buy and hold:    +11.1735%
        
INFO:reinforce.environment:episode 3/100 began
INFO:__main__:running scheduled inference
WARNING:__main__:model not ready, not running inference
INFO:reinforce.environment:

        episode 3/100 done
        loss:            -0.7459
        model portfolio: 0.0000%
        buy and hold:    +11.1735%
        
INFO:reinforce.environment:episode 4/100 began
INFO:reinforce.environment:

        episode 4/100 done
        loss:             0.3426
        model portfolio: +2.4762%
        buy and hold:    +11.1735%
        
INFO:reinforce.environment:episode 5/100 began
INFO:__main__:running scheduled inference
WARNING:__main__:model not ready, not running inference
INFO:reinforce.environment:

        episode 5/100 done
        loss:             2.1556
        model portfolio: +5.7627%
        buy and hold:    +11.1735%
        
INFO:reinforce.environment:episode 6/100 began
INFO:__main__:running scheduled inference
WARNING:__main__:model not ready, not running inference
INFO:reinforce.environment:

        episode 6/100 done
        loss:             2.1022
        model portfolio: +8.9341%
        buy and hold:    +11.1735%
        
INFO:reinforce.environment:episode 7/100 began
INFO:__main__:running scheduled inference
WARNING:__main__:model not ready, not running inference
INFO:reinforce.environment:

        episode 7/100 done
        loss:            -0.9863
        model portfolio: +1.3369%
        buy and hold:    +11.1735%
        
INFO:reinforce.environment:episode 8/100 began
INFO:reinforce.environment:

        episode 8/100 done
        loss:            -0.3886
        model portfolio: +2.9220%
        buy and hold:    +11.1735%
        
INFO:reinforce.environment:episode 9/100 began
INFO:__main__:running scheduled inference
WARNING:__main__:model not ready, not running inference
INFO:reinforce.environment:

        episode 9/100 done
        loss:             0.9613
        model portfolio: 0.0000%
        buy and hold:    +11.1735%
        
INFO:reinforce.environment:episode 10/100 began
INFO:__main__:running scheduled inference
WARNING:__main__:model not ready, not running inference
INFO:reinforce.environment:

        episode 10/100 done
        loss:            -0.3294
        model portfolio: 0.0000%
        buy and hold:    +11.1735%
        
INFO:reinforce.environment:episode 11/100 began
INFO:reinforce.environment:

        episode 11/100 done
        loss:            -0.1441
        model portfolio: +1.8762%
        buy and hold:    +11.1735%
        
INFO:reinforce.environment:episode 12/100 began
INFO:__main__:running scheduled inference
WARNING:__main__:model not ready, not running inference
INFO:reinforce.environment:

        episode 12/100 done
        loss:             1.9373
        model portfolio: +5.8239%
        buy and hold:    +11.1735%
        
INFO:reinforce.environment:episode 13/100 began
INFO:__main__:running scheduled inference
WARNING:__main__:model not ready, not running inference
INFO:reinforce.environment:

        episode 13/100 done
        loss:             1.7240
        model portfolio: +9.1241%
        buy and hold:    +11.1735%
        
INFO:reinforce.environment:episode 14/100 began
INFO:__main__:running scheduled inference
WARNING:__main__:model not ready, not running inference
INFO:reinforce.environment:

        episode 14/100 done
        loss:             0.0041
        model portfolio: +1.8920%
        buy and hold:    +11.1735%
        
INFO:reinforce.environment:episode 15/100 began
INFO:reinforce.environment:

        episode 15/100 done
        loss:             0.1579
        model portfolio: 0.0000%
        buy and hold:    +11.1735%
        
INFO:reinforce.environment:episode 16/100 began
INFO:__main__:running scheduled inference
WARNING:__main__:model not ready, not running inference
INFO:reinforce.environment:

        episode 16/100 done
        loss:            -0.9797
        model portfolio: 0.0000%
        buy and hold:    +11.1735%
        
INFO:reinforce.environment:episode 17/100 began
INFO:__main__:running scheduled inference
WARNING:__main__:model not ready, not running inference
INFO:reinforce.environment:

        episode 17/100 done
        loss:             2.1510
        model portfolio: +5.8048%
        buy and hold:    +11.1735%
        
INFO:reinforce.environment:episode 18/100 began
INFO:__main__:running scheduled inference
WARNING:__main__:model not ready, not running inference
INFO:reinforce.environment:

        episode 18/100 done
        loss:            -1.7476
        model portfolio: +1.9115%
        buy and hold:    +11.1735%
        
INFO:reinforce.environment:episode 19/100 began
INFO:reinforce.environment:

        episode 19/100 done
        loss:             0.1439
        model portfolio: +4.2159%
        buy and hold:    +11.1735%
        
INFO:reinforce.environment:episode 20/100 began
INFO:__main__:running scheduled inference
WARNING:__main__:model not ready, not running inference
INFO:reinforce.environment:

        episode 20/100 done
        loss:             1.2646
        model portfolio: +4.8446%
        buy and hold:    +11.1735%
        
INFO:reinforce.environment:episode 21/100 began
INFO:__main__:running scheduled inference
WARNING:__main__:model not ready, not running inference
INFO:reinforce.environment:

        episode 21/100 done
        loss:            -0.3828
        model portfolio: -0.4316%
        buy and hold:    +11.1735%
        
INFO:reinforce.environment:episode 22/100 began
INFO:reinforce.environment:

        episode 22/100 done
        loss:             1.2596
        model portfolio: +5.1709%
        buy and hold:    +11.1735%
        
INFO:reinforce.environment:episode 23/100 began
INFO:__main__:running scheduled inference
WARNING:__main__:model not ready, not running inference
INFO:reinforce.environment:

        episode 23/100 done
        loss:             1.9346
        model portfolio: +7.4400%
        buy and hold:    +11.1735%
        
INFO:reinforce.environment:episode 24/100 began
INFO:__main__:running scheduled inference
WARNING:__main__:model not ready, not running inference
INFO:reinforce.environment:

        episode 24/100 done
        loss:             1.1864
        model portfolio: +3.8136%
        buy and hold:    +11.1735%
        
INFO:reinforce.environment:episode 25/100 began
INFO:__main__:running scheduled inference
WARNING:__main__:model not ready, not running inference
INFO:reinforce.environment:

        episode 25/100 done
        loss:            -0.1027
        model portfolio: +4.4277%
        buy and hold:    +11.1735%
        
INFO:reinforce.environment:episode 26/100 began
INFO:reinforce.environment:

        episode 26/100 done
        loss:            -0.0209
        model portfolio: +0.4974%
        buy and hold:    +11.1735%
        
INFO:reinforce.environment:episode 27/100 began
INFO:__main__:running scheduled inference
WARNING:__main__:model not ready, not running inference
INFO:reinforce.environment:

        episode 27/100 done
        loss:            -0.9050
        model portfolio: 0.0000%
        buy and hold:    +11.1735%
        
INFO:reinforce.environment:episode 28/100 began
INFO:__main__:running scheduled inference
WARNING:__main__:model not ready, not running inference
INFO:reinforce.environment:

        episode 28/100 done
        loss:            -0.6105
        model portfolio: 0.0000%
        buy and hold:    +11.1735%
        
INFO:reinforce.environment:episode 29/100 began
INFO:reinforce.environment:

        episode 29/100 done
        loss:             2.2492
        model portfolio: +5.6919%
        buy and hold:    +11.1735%
        
INFO:__main__:running scheduled inference
WARNING:__main__:model not ready, not running inference
INFO:reinforce.environment:episode 30/100 began
INFO:reinforce.environment:

        episode 30/100 done
        loss:            -1.1097
        model portfolio: 0.0000%
        buy and hold:    +11.1735%
        
INFO:reinforce.environment:episode 31/100 began
INFO:__main__:running scheduled inference
WARNING:__main__:model not ready, not running inference
INFO:reinforce.environment:

        episode 31/100 done
        loss:             0.1793
        model portfolio: +2.1931%
        buy and hold:    +11.1735%
        
INFO:reinforce.environment:episode 32/100 began
INFO:__main__:running scheduled inference
WARNING:__main__:model not ready, not running inference
INFO:reinforce.environment:

        episode 32/100 done
        loss:             0.1498
        model portfolio: +1.9536%
        buy and hold:    +11.1735%
        
INFO:reinforce.environment:episode 33/100 began
INFO:reinforce.environment:

        episode 33/100 done
        loss:             0.9064
        model portfolio: +2.4762%
        buy and hold:    +11.1735%
        
INFO:reinforce.environment:episode 34/100 began
INFO:__main__:running scheduled inference
WARNING:__main__:model not ready, not running inference
INFO:reinforce.environment:

        episode 34/100 done
        loss:             0.9619
        model portfolio: +6.9302%
        buy and hold:    +11.1735%
        
INFO:reinforce.environment:episode 35/100 began
INFO:__main__:running scheduled inference
WARNING:__main__:model not ready, not running inference
INFO:reinforce.environment:

        episode 35/100 done
        loss:             0.9765
        model portfolio: +2.3173%
        buy and hold:    +11.1735%
        
INFO:reinforce.environment:episode 36/100 began
INFO:__main__:running scheduled inference
WARNING:__main__:model not ready, not running inference
INFO:reinforce.environment:

        episode 36/100 done
        loss:             1.6109
        model portfolio: +1.6660%
        buy and hold:    +11.1735%
        
INFO:reinforce.environment:episode 37/100 began
INFO:reinforce.environment:

        episode 37/100 done
        loss:            -0.4271
        model portfolio: +2.1866%
        buy and hold:    +11.1735%
        
INFO:reinforce.environment:episode 38/100 began
INFO:__main__:running scheduled inference
WARNING:__main__:model not ready, not running inference
INFO:reinforce.environment:

        episode 38/100 done
        loss:             3.0902
        model portfolio: +9.0390%
        buy and hold:    +11.1735%
        
INFO:reinforce.environment:episode 39/100 began
INFO:__main__:running scheduled inference
WARNING:__main__:model not ready, not running inference
INFO:reinforce.environment:

        episode 39/100 done
        loss:             1.7427
        model portfolio: +2.5302%
        buy and hold:    +11.1735%
        
INFO:reinforce.environment:episode 40/100 began
INFO:reinforce.environment:

        episode 40/100 done
        loss:             1.1014
        model portfolio: +3.8566%
        buy and hold:    +11.1735%
        
INFO:reinforce.environment:episode 41/100 began
INFO:__main__:running scheduled inference
WARNING:__main__:model not ready, not running inference
INFO:reinforce.environment:

        episode 41/100 done
        loss:             0.6554
        model portfolio: +4.3603%
        buy and hold:    +11.1735%
        
INFO:reinforce.environment:episode 42/100 began
INFO:__main__:running scheduled inference
WARNING:__main__:model not ready, not running inference
INFO:reinforce.environment:

        episode 42/100 done
        loss:             2.1455
        model portfolio: +8.8542%
        buy and hold:    +11.1735%
        
INFO:reinforce.environment:episode 43/100 began
INFO:__main__:running scheduled inference
WARNING:__main__:model not ready, not running inference
INFO:reinforce.environment:

        episode 43/100 done
        loss:            -0.4953
        model portfolio: +0.6134%
        buy and hold:    +11.1735%
        
INFO:reinforce.environment:episode 44/100 began
INFO:reinforce.environment:

        episode 44/100 done
        loss:             2.2662
        model portfolio: +5.8075%
        buy and hold:    +11.1735%
        
INFO:reinforce.environment:episode 45/100 began
INFO:__main__:running scheduled inference
WARNING:__main__:model not ready, not running inference
INFO:reinforce.environment:

        episode 45/100 done
        loss:             1.9976
        model portfolio: +1.5988%
        buy and hold:    +11.1735%
        
INFO:reinforce.environment:episode 46/100 began
INFO:__main__:running scheduled inference
WARNING:__main__:model not ready, not running inference
INFO:reinforce.environment:

        episode 46/100 done
        loss:             0.9836
        model portfolio: +5.7197%
        buy and hold:    +11.1735%
        
INFO:reinforce.environment:episode 47/100 began
INFO:__main__:running scheduled inference
WARNING:__main__:model not ready, not running inference
INFO:reinforce.environment:

        episode 47/100 done
        loss:            -0.2660
        model portfolio: +3.0059%
        buy and hold:    +11.1735%
        
INFO:reinforce.environment:episode 48/100 began
INFO:reinforce.environment:

        episode 48/100 done
        loss:            -0.9751
        model portfolio: -0.6290%
        buy and hold:    +11.1735%
        
INFO:reinforce.environment:episode 49/100 began
INFO:__main__:running scheduled inference
WARNING:__main__:model not ready, not running inference
INFO:reinforce.environment:

        episode 49/100 done
        loss:             1.1302
        model portfolio: +6.9474%
        buy and hold:    +11.1735%
        
INFO:reinforce.environment:episode 50/100 began
INFO:__main__:running scheduled inference
WARNING:__main__:model not ready, not running inference
INFO:reinforce.environment:

        episode 50/100 done
        loss:             0.4253
        model portfolio: +2.8515%
        buy and hold:    +11.1735%
        
INFO:reinforce.environment:episode 51/100 began
INFO:reinforce.environment:

        episode 51/100 done
        loss:             0.4740
        model portfolio: +2.4311%
        buy and hold:    +11.1735%
        
INFO:reinforce.environment:episode 52/100 began
INFO:__main__:running scheduled inference
WARNING:__main__:model not ready, not running inference
INFO:reinforce.environment:

        episode 52/100 done
        loss:            -0.1025
        model portfolio: +5.9741%
        buy and hold:    +11.1735%
        
INFO:reinforce.environment:episode 53/100 began
INFO:__main__:running scheduled inference
WARNING:__main__:model not ready, not running inference
INFO:reinforce.environment:

        episode 53/100 done
        loss:             1.9115
        model portfolio: +7.1743%
        buy and hold:    +11.1735%
        
INFO:reinforce.environment:episode 54/100 began
INFO:__main__:running scheduled inference
WARNING:__main__:model not ready, not running inference
INFO:reinforce.environment:

        episode 54/100 done
        loss:             0.6848
        model portfolio: +4.0130%
        buy and hold:    +11.1735%
        
INFO:reinforce.environment:episode 55/100 began
INFO:reinforce.environment:

        episode 55/100 done
        loss:             0.4327
        model portfolio: +5.2864%
        buy and hold:    +11.1735%
        
INFO:reinforce.environment:episode 56/100 began
INFO:__main__:running scheduled inference
WARNING:__main__:model not ready, not running inference
INFO:reinforce.environment:

        episode 56/100 done
        loss:            -1.0448
        model portfolio: 0.0000%
        buy and hold:    +11.1735%
        
INFO:reinforce.environment:episode 57/100 began
INFO:__main__:running scheduled inference
WARNING:__main__:model not ready, not running inference
INFO:reinforce.environment:

        episode 57/100 done
        loss:            -0.1671
        model portfolio: +1.5729%
        buy and hold:    +11.1735%
        
INFO:reinforce.environment:episode 58/100 began
INFO:reinforce.environment:

        episode 58/100 done
        loss:            -0.3043
        model portfolio: +3.0743%
        buy and hold:    +11.1735%
        
INFO:__main__:running scheduled inference
WARNING:__main__:model not ready, not running inference
INFO:reinforce.environment:episode 59/100 began
INFO:reinforce.environment:

        episode 59/100 done
        loss:             1.2976
        model portfolio: +3.8883%
        buy and hold:    +11.1735%
        
INFO:reinforce.environment:episode 60/100 began
INFO:__main__:running scheduled inference
WARNING:__main__:model not ready, not running inference
INFO:reinforce.environment:

        episode 60/100 done
        loss:            -1.3721
        model portfolio: -0.0280%
        buy and hold:    +11.1735%
        
INFO:reinforce.environment:episode 61/100 began
INFO:__main__:running scheduled inference
WARNING:__main__:model not ready, not running inference
INFO:reinforce.environment:

        episode 61/100 done
        loss:             0.6736
        model portfolio: +5.3918%
        buy and hold:    +11.1735%
        
INFO:reinforce.environment:episode 62/100 began
INFO:reinforce.environment:

        episode 62/100 done
        loss:             1.0944
        model portfolio: +3.1050%
        buy and hold:    +11.1735%
        
INFO:reinforce.environment:episode 63/100 began
INFO:__main__:running scheduled inference
WARNING:__main__:model not ready, not running inference
INFO:reinforce.environment:

        episode 63/100 done
        loss:            -0.9950
        model portfolio: +3.8566%
        buy and hold:    +11.1735%
        
INFO:reinforce.environment:episode 64/100 began
INFO:__main__:running scheduled inference
WARNING:__main__:model not ready, not running inference
INFO:reinforce.environment:

        episode 64/100 done
        loss:            -0.3597
        model portfolio: +2.8540%
        buy and hold:    +11.1735%
        
INFO:reinforce.environment:episode 65/100 began
INFO:__main__:running scheduled inference
WARNING:__main__:model not ready, not running inference
INFO:reinforce.environment:

        episode 65/100 done
        loss:             1.5889
        model portfolio: +3.1842%
        buy and hold:    +11.1735%
        
INFO:reinforce.environment:episode 66/100 began
INFO:reinforce.environment:

        episode 66/100 done
        loss:             0.4492
        model portfolio: +1.3228%
        buy and hold:    +11.1735%
        
INFO:reinforce.environment:episode 67/100 began
INFO:__main__:running scheduled inference
WARNING:__main__:model not ready, not running inference
INFO:reinforce.environment:

        episode 67/100 done
        loss:             0.6256
        model portfolio: +3.5681%
        buy and hold:    +11.1735%
        
INFO:reinforce.environment:episode 68/100 began
INFO:__main__:running scheduled training
INFO:__main__:there is another training thread running, wait for it to finish first
INFO:__main__:running scheduled inference
WARNING:__main__:model not ready, not running inference
INFO:reinforce.environment:

        episode 68/100 done
        loss:             0.9889
        model portfolio: +1.9421%
        buy and hold:    +11.1735%
        
INFO:reinforce.environment:episode 69/100 began
INFO:reinforce.environment:

        episode 69/100 done
        loss:             0.9532
        model portfolio: +5.1258%
        buy and hold:    +11.1735%
        
INFO:reinforce.environment:episode 70/100 began
INFO:__main__:running scheduled inference
WARNING:__main__:model not ready, not running inference
INFO:reinforce.environment:

        episode 70/100 done
        loss:            -0.1078
        model portfolio: +3.3575%
        buy and hold:    +11.1735%
        
INFO:reinforce.environment:episode 71/100 began
INFO:__main__:running scheduled inference
WARNING:__main__:model not ready, not running inference
INFO:reinforce.environment:

        episode 71/100 done
        loss:             0.7278
        model portfolio: +1.8838%
        buy and hold:    +11.1735%
        
INFO:reinforce.environment:episode 72/100 began
INFO:__main__:running scheduled inference
WARNING:__main__:model not ready, not running inference
INFO:reinforce.environment:

        episode 72/100 done
        loss:             1.9166
        model portfolio: +6.3548%
        buy and hold:    +11.1735%
        
INFO:reinforce.environment:episode 73/100 began
INFO:reinforce.environment:

        episode 73/100 done
        loss:             0.3318
        model portfolio: +2.1919%
        buy and hold:    +11.1735%
        
INFO:reinforce.environment:episode 74/100 began
INFO:__main__:running scheduled inference
WARNING:__main__:model not ready, not running inference
INFO:reinforce.environment:

        episode 74/100 done
        loss:             0.7517
        model portfolio: +3.8566%
        buy and hold:    +11.1735%
        
INFO:reinforce.environment:episode 75/100 began
INFO:__main__:running scheduled inference
WARNING:__main__:model not ready, not running inference
INFO:reinforce.environment:

        episode 75/100 done
        loss:             0.0317
        model portfolio: +1.1909%
        buy and hold:    +11.1735%
        
INFO:reinforce.environment:episode 76/100 began
INFO:reinforce.environment:

        episode 76/100 done
        loss:            -0.1978
        model portfolio: +3.8274%
        buy and hold:    +11.1735%
        
INFO:__main__:running scheduled inference
WARNING:__main__:model not ready, not running inference
INFO:reinforce.environment:episode 77/100 began
INFO:reinforce.environment:

        episode 77/100 done
        loss:             0.9659
        model portfolio: +3.2831%
        buy and hold:    +11.1735%
        
INFO:reinforce.environment:episode 78/100 began
INFO:__main__:running scheduled inference
WARNING:__main__:model not ready, not running inference
INFO:reinforce.environment:

        episode 78/100 done
        loss:             0.4084
        model portfolio: +1.2998%
        buy and hold:    +11.1735%
        
INFO:reinforce.environment:episode 79/100 began
INFO:__main__:running scheduled inference
WARNING:__main__:model not ready, not running inference
INFO:reinforce.environment:

        episode 79/100 done
        loss:            -0.4836
        model portfolio: 0.0000%
        buy and hold:    +11.1735%
        
INFO:reinforce.environment:episode 80/100 began
INFO:reinforce.environment:

        episode 80/100 done
        loss:            -1.3441
        model portfolio: +1.6267%
        buy and hold:    +11.1735%
        
INFO:reinforce.environment:episode 81/100 began
INFO:__main__:running scheduled inference
WARNING:__main__:model not ready, not running inference
INFO:reinforce.environment:

        episode 81/100 done
        loss:             0.8861
        model portfolio: +3.8566%
        buy and hold:    +11.1735%
        
INFO:reinforce.environment:episode 82/100 began
INFO:__main__:running scheduled inference
WARNING:__main__:model not ready, not running inference
INFO:reinforce.environment:

        episode 82/100 done
        loss:             2.0904
        model portfolio: +3.6228%
        buy and hold:    +11.1735%
        
INFO:reinforce.environment:episode 83/100 began
INFO:__main__:running scheduled inference
WARNING:__main__:model not ready, not running inference
INFO:reinforce.environment:

        episode 83/100 done
        loss:             1.6948
        model portfolio: +5.6540%
        buy and hold:    +11.1735%
        
INFO:reinforce.environment:episode 84/100 began
INFO:reinforce.environment:

        episode 84/100 done
        loss:             0.5384
        model portfolio: 0.0000%
        buy and hold:    +11.1735%
        
INFO:reinforce.environment:episode 85/100 began
INFO:__main__:running scheduled inference
WARNING:__main__:model not ready, not running inference
INFO:reinforce.environment:

        episode 85/100 done
        loss:             1.1410
        model portfolio: +4.4075%
        buy and hold:    +11.1735%
        
INFO:reinforce.environment:episode 86/100 began
INFO:__main__:running scheduled inference
WARNING:__main__:model not ready, not running inference
INFO:reinforce.environment:

        episode 86/100 done
        loss:             1.0114
        model portfolio: +10.4850%
        buy and hold:    +11.1735%
        
INFO:reinforce.environment:episode 87/100 began
INFO:reinforce.environment:

        episode 87/100 done
        loss:             0.1278
        model portfolio: -1.4480%
        buy and hold:    +11.1735%
        
INFO:reinforce.environment:episode 88/100 began
INFO:__main__:running scheduled inference
WARNING:__main__:model not ready, not running inference
INFO:reinforce.environment:

        episode 88/100 done
        loss:             0.6619
        model portfolio: +2.4762%
        buy and hold:    +11.1735%
        
INFO:reinforce.environment:episode 89/100 began
INFO:__main__:running scheduled inference
WARNING:__main__:model not ready, not running inference
INFO:reinforce.environment:

        episode 89/100 done
        loss:             0.5386
        model portfolio: +3.5649%
        buy and hold:    +11.1735%
        
INFO:reinforce.environment:episode 90/100 began
INFO:__main__:running scheduled inference
WARNING:__main__:model not ready, not running inference
INFO:reinforce.environment:

        episode 90/100 done
        loss:             0.1872
        model portfolio: +2.9797%
        buy and hold:    +11.1735%
        
INFO:reinforce.environment:episode 91/100 began
INFO:reinforce.environment:

        episode 91/100 done
        loss:             1.0364
        model portfolio: +6.5667%
        buy and hold:    +11.1735%
        
INFO:reinforce.environment:episode 92/100 began
INFO:__main__:running scheduled inference
WARNING:__main__:model not ready, not running inference
INFO:reinforce.environment:

        episode 92/100 done
        loss:             0.6851
        model portfolio: +6.7436%
        buy and hold:    +11.1735%
        
INFO:reinforce.environment:episode 93/100 began
INFO:__main__:running scheduled inference
WARNING:__main__:model not ready, not running inference
INFO:reinforce.environment:

        episode 93/100 done
        loss:             0.0727
        model portfolio: 0.0000%
        buy and hold:    +11.1735%
        
INFO:reinforce.environment:episode 94/100 began
INFO:reinforce.environment:

        episode 94/100 done
        loss:            -2.0763
        model portfolio: -1.2834%
        buy and hold:    +11.1735%
        
INFO:__main__:running scheduled inference
WARNING:__main__:model not ready, not running inference
INFO:reinforce.environment:episode 95/100 began
INFO:reinforce.environment:

        episode 95/100 done
        loss:             1.4192
        model portfolio: +1.5988%
        buy and hold:    +11.1735%
        
INFO:reinforce.environment:episode 96/100 began
INFO:__main__:running scheduled inference
WARNING:__main__:model not ready, not running inference
INFO:reinforce.environment:

        episode 96/100 done
        loss:             1.9138
        model portfolio: +2.0414%
        buy and hold:    +11.1735%
        
INFO:reinforce.environment:episode 97/100 began
INFO:__main__:running scheduled inference
WARNING:__main__:model not ready, not running inference
INFO:reinforce.environment:

        episode 97/100 done
        loss:             2.0893
        model portfolio: +4.3603%
        buy and hold:    +11.1735%
        
INFO:reinforce.environment:episode 98/100 began
INFO:reinforce.environment:

        episode 98/100 done
        loss:            -0.6252
        model portfolio: -0.6538%
        buy and hold:    +11.1735%
        
INFO:reinforce.environment:episode 99/100 began
INFO:__main__:running scheduled inference
WARNING:__main__:model not ready, not running inference
INFO:reinforce.environment:

        episode 99/100 done
        loss:            -1.8322
        model portfolio: 0.0000%
        buy and hold:    +11.1735%
        
INFO:reinforce.environment:episode 100/100 began
INFO:__main__:running scheduled inference
WARNING:__main__:model not ready, not running inference
INFO:reinforce.environment:

        episode 100/100 done
        loss:             0.1276
        model portfolio: +1.2998%
        buy and hold:    +11.1735%
        
INFO:reinforce.environment:training complete, best episode achieved +10.4850%
INFO:__main__:model updated successfully
INFO:__main__:running scheduled inference
INFO:__main__:running scheduled inference
INFO:__main__:running scheduled inference
INFO:__main__:running scheduled inference
INFO:__main__:running scheduled inference
INFO:__main__:running scheduled inference
INFO:__main__:running scheduled inference
INFO:__main__:running scheduled inference
INFO:__main__:running scheduled inference
INFO:__main__:running scheduled inference
INFO:__main__:running scheduled inference
INFO:__main__:running scheduled inference
INFO:__main__:running scheduled inference
INFO:__main__:running scheduled inference
INFO:__main__:running scheduled inference
INFO:__main__:running scheduled inference
INFO:__main__:running scheduled inference
INFO:__main__:running scheduled inference
INFO:__main__:running scheduled inference
INFO:__main__:running scheduled inference
INFO:__main__:running scheduled inference
INFO:__main__:running scheduled inference
INFO:__main__:running scheduled inference
INFO:__main__:running scheduled inference
INFO:__main__:running scheduled inference
INFO:__main__:running scheduled inference
INFO:__main__:running scheduled training
INFO:reinforce.environment:training starts
INFO:__main__:training started, thread id: <Thread(Thread-29 (_train), started 12901707776)>
INFO:reinforce.environment:episode 1/100 began
INFO:__main__:running scheduled inference
INFO:__main__:running scheduled inference
INFO:__main__:running scheduled inference
INFO:reinforce.environment:

        episode 1/100 done
        loss:            -1.8669
        model portfolio: -2.4532%
        buy and hold:    +17.7007%
        
INFO:reinforce.environment:episode 2/100 began
INFO:__main__:running scheduled inference
INFO:__main__:running scheduled inference
INFO:reinforce.environment:

        episode 2/100 done
        loss:            -1.7027
        model portfolio: -0.0709%
        buy and hold:    +17.7007%
        
INFO:reinforce.environment:episode 3/100 began
INFO:__main__:running scheduled inference
INFO:__main__:running scheduled inference
INFO:reinforce.environment:

        episode 3/100 done
        loss:             8.7674
        model portfolio: +9.4978%
        buy and hold:    +17.7007%
        
INFO:reinforce.environment:episode 4/100 began
INFO:__main__:running scheduled inference
INFO:__main__:running scheduled inference
INFO:__main__:running scheduled inference
INFO:reinforce.environment:

        episode 4/100 done
        loss:             3.0508
        model portfolio: +4.9799%
        buy and hold:    +17.7007%
        
INFO:reinforce.environment:episode 5/100 began
INFO:__main__:running scheduled inference
INFO:__main__:running scheduled inference
INFO:reinforce.environment:

        episode 5/100 done
        loss:             2.1507
        model portfolio: +3.8228%
        buy and hold:    +17.7007%
        
INFO:reinforce.environment:episode 6/100 began
INFO:__main__:running scheduled inference
INFO:__main__:running scheduled inference
INFO:reinforce.environment:

        episode 6/100 done
        loss:             7.8376
        model portfolio: +12.2760%
        buy and hold:    +17.7007%
        
INFO:reinforce.environment:episode 7/100 began
INFO:__main__:running scheduled inference
INFO:__main__:running scheduled inference
INFO:__main__:running scheduled inference
INFO:reinforce.environment:

        episode 7/100 done
        loss:            -0.5090
        model portfolio: -0.0694%
        buy and hold:    +17.7007%
        
INFO:reinforce.environment:episode 8/100 began
INFO:__main__:running scheduled inference
INFO:__main__:running scheduled inference
INFO:reinforce.environment:

        episode 8/100 done
        loss:             5.4911
        model portfolio: +5.4402%
        buy and hold:    +17.7007%
        
INFO:reinforce.environment:episode 9/100 began
INFO:__main__:running scheduled inference
INFO:__main__:running scheduled inference
INFO:reinforce.environment:

        episode 9/100 done
        loss:            -0.2135
        model portfolio: -0.7217%
        buy and hold:    +17.7007%
        
INFO:reinforce.environment:episode 10/100 began
INFO:__main__:running scheduled inference
INFO:__main__:running scheduled inference
INFO:__main__:running scheduled inference
INFO:reinforce.environment:

        episode 10/100 done
        loss:            -1.5677
        model portfolio: -0.4493%
        buy and hold:    +17.7007%
        
INFO:reinforce.environment:episode 11/100 began
INFO:__main__:running scheduled inference
INFO:__main__:running scheduled inference
INFO:reinforce.environment:

        episode 11/100 done
        loss:            -1.8599
        model portfolio: -2.1693%
        buy and hold:    +17.7007%
        
INFO:reinforce.environment:episode 12/100 began
INFO:__main__:running scheduled inference
INFO:__main__:running scheduled inference
INFO:reinforce.environment:

        episode 12/100 done
        loss:             1.3242
        model portfolio: +0.8005%
        buy and hold:    +17.7007%
        
INFO:reinforce.environment:episode 13/100 began
INFO:__main__:running scheduled inference
INFO:__main__:running scheduled inference
INFO:reinforce.environment:

        episode 13/100 done
        loss:             1.2639
        model portfolio: +1.2904%
        buy and hold:    +17.7007%
        
INFO:__main__:running scheduled inference
INFO:reinforce.environment:episode 14/100 began
INFO:__main__:running scheduled inference
INFO:__main__:running scheduled inference
INFO:reinforce.environment:

        episode 14/100 done
        loss:            -0.7598
        model portfolio: -1.0648%
        buy and hold:    +17.7007%
        
INFO:reinforce.environment:episode 15/100 began
INFO:__main__:running scheduled inference
INFO:__main__:running scheduled inference
INFO:reinforce.environment:

        episode 15/100 done
        loss:             2.6861
        model portfolio: +2.4080%
        buy and hold:    +17.7007%
        
INFO:reinforce.environment:episode 16/100 began
INFO:__main__:running scheduled inference
INFO:__main__:running scheduled inference
INFO:reinforce.environment:

        episode 16/100 done
        loss:            -0.2075
        model portfolio: -1.4297%
        buy and hold:    +17.7007%
        
INFO:reinforce.environment:episode 17/100 began
INFO:__main__:running scheduled inference
INFO:__main__:running scheduled inference
INFO:__main__:running scheduled inference
INFO:reinforce.environment:

        episode 17/100 done
        loss:            -3.3571
        model portfolio: -3.9902%
        buy and hold:    +17.7007%
        
INFO:reinforce.environment:episode 18/100 began
INFO:__main__:running scheduled inference
INFO:__main__:running scheduled inference
INFO:reinforce.environment:

        episode 18/100 done
        loss:             2.4517
        model portfolio: +6.1261%
        buy and hold:    +17.7007%
        
INFO:reinforce.environment:episode 19/100 began
INFO:__main__:running scheduled inference
INFO:__main__:running scheduled inference
INFO:reinforce.environment:

        episode 19/100 done
        loss:             2.0376
        model portfolio: +4.1438%
        buy and hold:    +17.7007%
        
INFO:reinforce.environment:episode 20/100 began
INFO:__main__:running scheduled inference
INFO:__main__:running scheduled inference
INFO:__main__:running scheduled inference
INFO:reinforce.environment:

        episode 20/100 done
        loss:             2.8561
        model portfolio: +4.2124%
        buy and hold:    +17.7007%
        
INFO:reinforce.environment:episode 21/100 began
INFO:__main__:running scheduled inference
INFO:__main__:running scheduled inference
INFO:reinforce.environment:

        episode 21/100 done
        loss:            -3.2578
        model portfolio: -2.5658%
        buy and hold:    +17.7007%
        
INFO:reinforce.environment:episode 22/100 began
INFO:__main__:running scheduled inference
INFO:__main__:running scheduled training
INFO:__main__:there is another training thread running, wait for it to finish first
INFO:__main__:running scheduled inference
INFO:reinforce.environment:

        episode 22/100 done
        loss:             1.5329
        model portfolio: +1.0289%
        buy and hold:    +17.7007%
        
INFO:reinforce.environment:episode 23/100 began
INFO:__main__:running scheduled inference
INFO:__main__:running scheduled inference
INFO:__main__:running scheduled inference
INFO:reinforce.environment:

        episode 23/100 done
        loss:             3.7691
        model portfolio: +5.8789%
        buy and hold:    +17.7007%
        
INFO:reinforce.environment:episode 24/100 began
INFO:__main__:running scheduled inference
INFO:__main__:running scheduled inference
INFO:reinforce.environment:

        episode 24/100 done
        loss:             2.8127
        model portfolio: +3.6053%
        buy and hold:    +17.7007%
        
INFO:reinforce.environment:episode 25/100 began
INFO:__main__:running scheduled inference
INFO:__main__:running scheduled inference
INFO:reinforce.environment:

        episode 25/100 done
        loss:             0.7665
        model portfolio: +4.2034%
        buy and hold:    +17.7007%
        
INFO:reinforce.environment:episode 26/100 began
INFO:__main__:running scheduled inference
INFO:__main__:running scheduled inference
INFO:reinforce.environment:

        episode 26/100 done
        loss:             7.6085
        model portfolio: +7.4216%
        buy and hold:    +17.7007%
        
INFO:reinforce.environment:episode 27/100 began
INFO:__main__:running scheduled inference
INFO:__main__:running scheduled inference
INFO:__main__:running scheduled inference
INFO:reinforce.environment:

        episode 27/100 done
        loss:            -1.3040
        model portfolio: -0.5515%
        buy and hold:    +17.7007%
        
INFO:reinforce.environment:episode 28/100 began
INFO:__main__:running scheduled inference
INFO:__main__:running scheduled inference
INFO:reinforce.environment:

        episode 28/100 done
        loss:            -1.1121
        model portfolio: +2.2181%
        buy and hold:    +17.7007%
        
INFO:reinforce.environment:episode 29/100 began
INFO:__main__:running scheduled inference
INFO:__main__:running scheduled inference
INFO:reinforce.environment:

        episode 29/100 done
        loss:             4.6335
        model portfolio: +6.9056%
        buy and hold:    +17.7007%
        
INFO:reinforce.environment:episode 30/100 began
INFO:__main__:running scheduled inference
INFO:__main__:running scheduled inference
INFO:__main__:running scheduled inference
INFO:reinforce.environment:

        episode 30/100 done
        loss:            -0.4096
        model portfolio: -0.4370%
        buy and hold:    +17.7007%
        
INFO:reinforce.environment:episode 31/100 began
INFO:__main__:running scheduled inference
INFO:__main__:running scheduled inference
INFO:reinforce.environment:

        episode 31/100 done
        loss:             7.6359
        model portfolio: +10.1075%
        buy and hold:    +17.7007%
        
INFO:reinforce.environment:episode 32/100 began
INFO:__main__:running scheduled inference
INFO:__main__:running scheduled inference
INFO:reinforce.environment:

        episode 32/100 done
        loss:             0.0983
        model portfolio: +0.8711%
        buy and hold:    +17.7007%
        
INFO:reinforce.environment:episode 33/100 began
INFO:__main__:running scheduled inference
INFO:__main__:running scheduled inference
INFO:reinforce.environment:

        episode 33/100 done
        loss:             2.0507
        model portfolio: +2.8866%
        buy and hold:    +17.7007%
        
INFO:__main__:running scheduled inference
INFO:reinforce.environment:episode 34/100 began
INFO:__main__:running scheduled inference
INFO:__main__:running scheduled inference
INFO:reinforce.environment:

        episode 34/100 done
        loss:             1.2277
        model portfolio: +1.7616%
        buy and hold:    +17.7007%
        
INFO:reinforce.environment:episode 35/100 began
INFO:__main__:running scheduled inference
INFO:__main__:running scheduled inference
INFO:reinforce.environment:

        episode 35/100 done
        loss:             1.8012
        model portfolio: +4.5590%
        buy and hold:    +17.7007%
        
INFO:reinforce.environment:episode 36/100 began
INFO:__main__:running scheduled inference
INFO:__main__:running scheduled inference
INFO:reinforce.environment:

        episode 36/100 done
        loss:             1.6740
        model portfolio: +0.6006%
        buy and hold:    +17.7007%
        
INFO:reinforce.environment:episode 37/100 began
INFO:__main__:running scheduled inference
INFO:__main__:running scheduled inference
INFO:__main__:running scheduled inference
INFO:reinforce.environment:

        episode 37/100 done
        loss:             3.4101
        model portfolio: +5.8561%
        buy and hold:    +17.7007%
        
INFO:reinforce.environment:episode 38/100 began
INFO:__main__:running scheduled inference
INFO:__main__:running scheduled inference
INFO:reinforce.environment:

        episode 38/100 done
        loss:             1.6288
        model portfolio: +3.5452%
        buy and hold:    +17.7007%
        
INFO:reinforce.environment:episode 39/100 began
INFO:__main__:running scheduled inference
INFO:__main__:running scheduled inference
INFO:reinforce.environment:

        episode 39/100 done
        loss:             1.7616
        model portfolio: +1.4142%
        buy and hold:    +17.7007%
        
INFO:reinforce.environment:episode 40/100 began
INFO:__main__:running scheduled inference
INFO:__main__:running scheduled inference
INFO:__main__:running scheduled inference
INFO:reinforce.environment:

        episode 40/100 done
        loss:             2.7178
        model portfolio: +4.1856%
        buy and hold:    +17.7007%
        
INFO:reinforce.environment:episode 41/100 began
INFO:__main__:running scheduled inference
INFO:__main__:running scheduled inference
INFO:reinforce.environment:

        episode 41/100 done
        loss:             3.2706
        model portfolio: +6.1062%
        buy and hold:    +17.7007%
        
INFO:reinforce.environment:episode 42/100 began
INFO:__main__:running scheduled inference
INFO:__main__:running scheduled inference
INFO:reinforce.environment:

        episode 42/100 done
        loss:            -1.0520
        model portfolio: -0.5629%
        buy and hold:    +17.7007%
        
INFO:reinforce.environment:episode 43/100 began
INFO:__main__:running scheduled inference
INFO:__main__:running scheduled inference
INFO:reinforce.environment:

        episode 43/100 done
        loss:             0.6108
        model portfolio: +1.8547%
        buy and hold:    +17.7007%
        
INFO:reinforce.environment:episode 44/100 began
INFO:__main__:running scheduled inference
INFO:__main__:running scheduled training
INFO:__main__:there is another training thread running, wait for it to finish first
INFO:__main__:running scheduled inference
INFO:__main__:running scheduled inference
INFO:reinforce.environment:

        episode 44/100 done
        loss:             7.1050
        model portfolio: +9.6892%
        buy and hold:    +17.7007%
        
INFO:reinforce.environment:episode 45/100 began
INFO:__main__:running scheduled inference
INFO:__main__:running scheduled inference
INFO:reinforce.environment:

        episode 45/100 done
        loss:            -0.6912
        model portfolio: -0.4258%
        buy and hold:    +17.7007%
        
INFO:reinforce.environment:episode 46/100 began
INFO:__main__:running scheduled inference
INFO:__main__:running scheduled inference
INFO:reinforce.environment:

        episode 46/100 done
        loss:             3.2476
        model portfolio: +5.8242%
        buy and hold:    +17.7007%
        
INFO:reinforce.environment:episode 47/100 began
INFO:__main__:running scheduled inference
INFO:__main__:running scheduled inference
INFO:__main__:running scheduled inference
INFO:reinforce.environment:

        episode 47/100 done
        loss:             0.3659
        model portfolio: +4.2098%
        buy and hold:    +17.7007%
        
INFO:reinforce.environment:episode 48/100 began
INFO:__main__:running scheduled inference
INFO:__main__:running scheduled inference
INFO:reinforce.environment:

        episode 48/100 done
        loss:             3.2091
        model portfolio: +4.7540%
        buy and hold:    +17.7007%
        
INFO:reinforce.environment:episode 49/100 began
INFO:__main__:running scheduled inference
INFO:__main__:running scheduled inference
INFO:reinforce.environment:

        episode 49/100 done
        loss:            -2.1562
        model portfolio: -2.5192%
        buy and hold:    +17.7007%
        
INFO:reinforce.environment:episode 50/100 began
INFO:__main__:running scheduled inference
INFO:__main__:running scheduled inference
INFO:__main__:running scheduled inference
INFO:reinforce.environment:

        episode 50/100 done
        loss:             5.1722
        model portfolio: +6.1628%
        buy and hold:    +17.7007%
        
INFO:reinforce.environment:episode 51/100 began
INFO:__main__:running scheduled inference
INFO:__main__:running scheduled inference
INFO:reinforce.environment:

        episode 51/100 done
        loss:             3.5225
        model portfolio: +2.5335%
        buy and hold:    +17.7007%
        
INFO:reinforce.environment:episode 52/100 began
INFO:__main__:running scheduled inference
INFO:__main__:running scheduled inference
INFO:reinforce.environment:

        episode 52/100 done
        loss:             1.6445
        model portfolio: +5.0378%
        buy and hold:    +17.7007%
        
INFO:reinforce.environment:episode 53/100 began
INFO:__main__:running scheduled inference
INFO:__main__:running scheduled inference
INFO:reinforce.environment:

        episode 53/100 done
        loss:            -0.9860
        model portfolio: +0.2479%
        buy and hold:    +17.7007%
        
INFO:reinforce.environment:episode 54/100 began
INFO:__main__:running scheduled inference
INFO:__main__:running scheduled inference
INFO:__main__:running scheduled inference
INFO:reinforce.environment:

        episode 54/100 done
        loss:             5.2782
        model portfolio: +8.1055%
        buy and hold:    +17.7007%
        
INFO:reinforce.environment:episode 55/100 began
INFO:__main__:running scheduled inference
INFO:__main__:running scheduled inference
INFO:reinforce.environment:

        episode 55/100 done
        loss:            -2.2577
        model portfolio: -5.4548%
        buy and hold:    +17.7007%
        
INFO:reinforce.environment:episode 56/100 began
INFO:__main__:running scheduled inference
INFO:__main__:running scheduled inference
INFO:reinforce.environment:

        episode 56/100 done
        loss:             5.9748
        model portfolio: +7.0048%
        buy and hold:    +17.7007%
        
INFO:reinforce.environment:episode 57/100 began
INFO:__main__:running scheduled inference
INFO:__main__:running scheduled inference
INFO:__main__:running scheduled inference
INFO:reinforce.environment:

        episode 57/100 done
        loss:             12.6327
        model portfolio: +19.7463%
        buy and hold:    +17.7007%
        
INFO:reinforce.environment:target reached, best episode achieved +19.7463%, exiting.
INFO:__main__:model updated successfully
INFO:__main__:running scheduled inference
INFO:__main__:running scheduled inference
INFO:__main__:running scheduled inference
INFO:__main__:running scheduled inference
INFO:__main__:running scheduled inference
INFO:__main__:running scheduled inference
INFO:__main__:running scheduled inference
INFO:__main__:running scheduled inference
INFO:__main__:running scheduled inference
INFO:__main__:running scheduled inference
INFO:__main__:running scheduled inference
INFO:__main__:running scheduled inference
INFO:__main__:running scheduled inference
INFO:__main__:running scheduled inference
INFO:__main__:running scheduled inference
INFO:__main__:running scheduled inference
INFO:__main__:running scheduled inference
INFO:__main__:running scheduled inference
INFO:__main__:running scheduled training
INFO:reinforce.environment:training starts
INFO:__main__:training started, thread id: <Thread(Thread-180 (_train), started 12935360512)>
INFO:reinforce.environment:episode 1/100 began
INFO:__main__:running scheduled inference
INFO:__main__:running scheduled inference
INFO:__main__:running scheduled inference
INFO:__main__:running scheduled inference
INFO:__main__:running scheduled inference
INFO:reinforce.environment:

        episode 1/100 done
        loss:             7.0007
        model portfolio: +4.4049%
        buy and hold:    +10.5357%
        
INFO:reinforce.environment:episode 2/100 began
INFO:__main__:running scheduled inference
INFO:__main__:running scheduled inference
INFO:__main__:running scheduled inference
INFO:__main__:running scheduled inference
INFO:__main__:running scheduled inference
INFO:reinforce.environment:

        episode 2/100 done
        loss:             8.5546
        model portfolio: +6.1381%
        buy and hold:    +10.5357%
        
INFO:reinforce.environment:episode 3/100 began
INFO:__main__:running scheduled inference
INFO:__main__:running scheduled inference
INFO:__main__:running scheduled inference
INFO:__main__:running scheduled inference
INFO:reinforce.environment:

        episode 3/100 done
        loss:            -0.3486
        model portfolio: +1.2785%
        buy and hold:    +10.5357%
        
INFO:reinforce.environment:episode 4/100 began
INFO:__main__:running scheduled inference
INFO:__main__:running scheduled inference
INFO:__main__:running scheduled inference
INFO:__main__:running scheduled inference
INFO:__main__:running scheduled inference
INFO:reinforce.environment:

        episode 4/100 done
        loss:            -2.6999
        model portfolio: -1.8605%
        buy and hold:    +10.5357%
        
INFO:reinforce.environment:episode 5/100 began
INFO:__main__:running scheduled inference
INFO:__main__:running scheduled inference
INFO:__main__:running scheduled inference
INFO:__main__:running scheduled inference
INFO:__main__:running scheduled inference
INFO:reinforce.environment:

        episode 5/100 done
        loss:             2.5023
        model portfolio: +1.0925%
        buy and hold:    +10.5357%
        
INFO:reinforce.environment:episode 6/100 began
INFO:__main__:running scheduled inference
INFO:__main__:running scheduled inference
INFO:__main__:running scheduled inference
INFO:__main__:running scheduled inference
INFO:reinforce.environment:

        episode 6/100 done
        loss:             16.5175
        model portfolio: +11.1065%
        buy and hold:    +10.5357%
        
INFO:reinforce.environment:episode 7/100 began
INFO:__main__:running scheduled inference
INFO:__main__:running scheduled inference
INFO:__main__:running scheduled inference
INFO:__main__:running scheduled inference
INFO:__main__:running scheduled inference
INFO:reinforce.environment:

        episode 7/100 done
        loss:            -13.2099
        model portfolio: -8.4896%
        buy and hold:    +10.5357%
        
INFO:reinforce.environment:episode 8/100 began
INFO:__main__:running scheduled inference
INFO:__main__:running scheduled inference
INFO:__main__:running scheduled inference
INFO:__main__:running scheduled inference
INFO:__main__:running scheduled inference
INFO:reinforce.environment:

        episode 8/100 done
        loss:             0.4981
        model portfolio: +1.0727%
        buy and hold:    +10.5357%
        
INFO:reinforce.environment:episode 9/100 began
INFO:__main__:running scheduled inference
INFO:__main__:running scheduled inference
INFO:__main__:running scheduled inference
INFO:__main__:running scheduled inference
INFO:reinforce.environment:

        episode 9/100 done
        loss:             1.8415
        model portfolio: +2.8231%
        buy and hold:    +10.5357%
        
INFO:reinforce.environment:episode 10/100 began
INFO:__main__:running scheduled inference
INFO:__main__:running scheduled inference
INFO:__main__:running scheduled inference
INFO:__main__:running scheduled inference
INFO:__main__:running scheduled inference
INFO:reinforce.environment:

        episode 10/100 done
        loss:             5.8219
        model portfolio: +5.4968%
        buy and hold:    +10.5357%
        
INFO:reinforce.environment:episode 11/100 began
INFO:__main__:running scheduled inference
INFO:__main__:running scheduled inference
INFO:__main__:running scheduled inference
INFO:__main__:running scheduled training
INFO:__main__:there is another training thread running, wait for it to finish first
INFO:__main__:running scheduled inference
INFO:reinforce.environment:

        episode 11/100 done
        loss:            -9.4970
        model portfolio: -5.8271%
        buy and hold:    +10.5357%
        
INFO:reinforce.environment:episode 12/100 began
INFO:__main__:running scheduled inference
INFO:__main__:running scheduled inference
INFO:__main__:running scheduled inference
INFO:__main__:running scheduled inference
INFO:__main__:running scheduled inference
INFO:reinforce.environment:

        episode 12/100 done
        loss:            -5.1908
        model portfolio: -3.0098%
        buy and hold:    +10.5357%
        
INFO:reinforce.environment:episode 13/100 began
INFO:__main__:running scheduled inference
INFO:__main__:running scheduled inference
INFO:__main__:running scheduled inference
INFO:__main__:running scheduled inference
INFO:__main__:running scheduled inference
INFO:reinforce.environment:

        episode 13/100 done
        loss:             1.4630
        model portfolio: +0.8859%
        buy and hold:    +10.5357%
        
INFO:reinforce.environment:episode 14/100 began
INFO:__main__:running scheduled inference
INFO:__main__:running scheduled inference
INFO:__main__:running scheduled inference
INFO:__main__:running scheduled inference
INFO:reinforce.environment:

        episode 14/100 done
        loss:            -6.6528
        model portfolio: -4.0612%
        buy and hold:    +10.5357%
        
INFO:reinforce.environment:episode 15/100 began
INFO:__main__:running scheduled inference
INFO:__main__:running scheduled inference
INFO:__main__:running scheduled inference
INFO:__main__:running scheduled inference
INFO:__main__:running scheduled inference
INFO:reinforce.environment:

        episode 15/100 done
        loss:             0.3562
        model portfolio: +1.4653%
        buy and hold:    +10.5357%
        
INFO:reinforce.environment:episode 16/100 began
INFO:__main__:running scheduled inference
INFO:__main__:running scheduled inference
INFO:__main__:running scheduled inference
INFO:__main__:running scheduled inference
INFO:reinforce.environment:

        episode 16/100 done
        loss:             13.4570
        model portfolio: +9.4098%
        buy and hold:    +10.5357%
        
INFO:reinforce.environment:episode 17/100 began
INFO:__main__:running scheduled inference
INFO:__main__:running scheduled inference
INFO:__main__:running scheduled inference
INFO:__main__:running scheduled inference
INFO:__main__:running scheduled inference
INFO:reinforce.environment:

        episode 17/100 done
        loss:             5.3749
        model portfolio: +4.7485%
        buy and hold:    +10.5357%
        
INFO:reinforce.environment:episode 18/100 began
INFO:__main__:running scheduled inference
INFO:__main__:running scheduled inference
INFO:__main__:running scheduled inference
INFO:__main__:running scheduled inference
INFO:__main__:running scheduled inference
INFO:reinforce.environment:

        episode 18/100 done
        loss:            -4.1292
        model portfolio: -1.1952%
        buy and hold:    +10.5357%
        
INFO:reinforce.environment:episode 19/100 began
INFO:__main__:running scheduled inference
INFO:__main__:running scheduled inference
INFO:__main__:running scheduled inference
INFO:__main__:running scheduled inference
INFO:reinforce.environment:

        episode 19/100 done
        loss:             13.8393
        model portfolio: +9.5915%
        buy and hold:    +10.5357%
        
INFO:reinforce.environment:episode 20/100 began
INFO:__main__:running scheduled inference
INFO:__main__:running scheduled inference
INFO:__main__:running scheduled inference
INFO:__main__:running scheduled inference
INFO:__main__:running scheduled inference
INFO:reinforce.environment:

        episode 20/100 done
        loss:             0.0467
        model portfolio: +1.4488%
        buy and hold:    +10.5357%
        
INFO:reinforce.environment:episode 21/100 began
INFO:__main__:running scheduled inference
INFO:__main__:running scheduled inference
INFO:__main__:running scheduled inference
INFO:__main__:running scheduled inference
INFO:__main__:running scheduled inference
INFO:reinforce.environment:

        episode 21/100 done
        loss:             23.2480
        model portfolio: +15.8280%
        buy and hold:    +10.5357%
        
INFO:reinforce.environment:target reached, best episode achieved +15.8280%, exiting.
INFO:__main__:model updated successfully
INFO:__main__:running scheduled inference
INFO:__main__:running scheduled inference
INFO:__main__:running scheduled training
INFO:reinforce.environment:training starts
INFO:__main__:training started, thread id: <Thread(Thread-281 (_train), started 12935262208)>
INFO:reinforce.environment:episode 1/100 began
INFO:__main__:running scheduled inference
INFO:__main__:running scheduled inference
INFO:__main__:running scheduled inference
INFO:__main__:running scheduled inference
INFO:__main__:running scheduled inference
INFO:__main__:running scheduled inference
INFO:__main__:running scheduled inference
INFO:reinforce.environment:

        episode 1/100 done
        loss:            -2.8798
        model portfolio: -0.2694%
        buy and hold:    +17.6867%
        
INFO:reinforce.environment:episode 2/100 began
INFO:__main__:running scheduled inference
INFO:__main__:running scheduled inference
INFO:__main__:running scheduled inference
INFO:__main__:running scheduled inference
INFO:__main__:running scheduled inference
INFO:__main__:running scheduled inference
INFO:__main__:running scheduled inference
INFO:reinforce.environment:

        episode 2/100 done
        loss:             16.0788
        model portfolio: +8.8229%
        buy and hold:    +17.6867%
        
INFO:reinforce.environment:episode 3/100 began
INFO:__main__:running scheduled inference
INFO:__main__:running scheduled inference
INFO:__main__:running scheduled inference
INFO:__main__:running scheduled inference
INFO:__main__:running scheduled inference
INFO:__main__:running scheduled inference
INFO:reinforce.environment:

        episode 3/100 done
        loss:             1.9547
        model portfolio: +1.9056%
        buy and hold:    +17.6867%
        
INFO:reinforce.environment:episode 4/100 began
INFO:__main__:running scheduled inference
INFO:__main__:running scheduled inference
INFO:__main__:running scheduled inference
INFO:__main__:running scheduled inference
INFO:__main__:running scheduled inference
INFO:__main__:running scheduled inference
INFO:reinforce.environment:

        episode 4/100 done
        loss:             25.1532
        model portfolio: +12.4443%
        buy and hold:    +17.6867%
        
INFO:reinforce.environment:episode 5/100 began
INFO:__main__:running scheduled inference
INFO:__main__:running scheduled inference
INFO:__main__:running scheduled inference
ERROR:__main__:
INFO:__main__:running scheduled inference
INFO:__main__:running scheduled inference
INFO:__main__:running scheduled inference
INFO:__main__:running scheduled inference
INFO:reinforce.environment:

        episode 5/100 done
        loss:             12.2250
        model portfolio: +4.6581%
        buy and hold:    +17.6867%
        
INFO:reinforce.environment:episode 6/100 began
